FirstName,LastName,Gender,Birthdate
John,Harrison,Male,1990-07-07
Clarence,Howard,Male,1987-09-25
Bonnie,Riley,Female,1982-03-03
Norma,Bennett,Female,1983-11-17
Bonnie,Frazier,Female,1984-03-22
Scott,Henry,Male,1983-01-28
Judith,Cox,Female,1988-05-13
Joyce,Hernandez,Female,1982-10-18
Justin,Payne,Male,1989-09-24
Michelle,Black,Female,1986-05-26
Denise,Sanchez,Female,1986-10-24
Catherine,Rodriguez,Female,1989-08-12
Nancy,Hamilton,Female,1990-05-25
Jesse,Harper,Male,1984-02-14
Irene,Simpson,Female,1990-03-12
Anthony,Richardson,Male,1986-06-20
Arthur,Roberts,Male,1983-11-30
Antonio,Young,Male,1988-12-09
Ruby,Martinez,Female,1983-04-06
Aaron,Perry,Male,1988-11-19
Earl,Pierce,Male,1980-10-15
Walter,Spencer,Male,1983-12-28
Stephen,Stephens,Male,1981-08-22
Patricia,Palmer,Female,1990-08-07
Sandra,Frazier,Female,1989-04-12
Russell,Morris,Male,1988-03-23
Charles,Willis,Male,1985-05-24
Jesse,George,Male,1980-08-24
Richard,Castillo,Male,1985-05-21
Andrew,Hawkins,Male,1986-05-11
Rachel,Frazier,Female,1988-05-12
Julie,Perkins,Female,1983-01-02
Kelly,Foster,Female,1982-08-06
Richard,Bishop,Male,1990-07-14
Susan,Harrison,Female,1988-06-23
Rebecca,Jenkins,Female,1980-10-11
Doris,Smith,Female,1989-02-20
Peter,Ortiz,Male,1984-09-16
Jane,Pierce,Female,1984-04-14
Mildred,Banks,Female,1987-10-29
Edward,Butler,Male,1980-07-24
Betty,Banks,Female,1985-08-01
Jean,Porter,Female,1980-07-16
Marie,Clark,Female,1984-01-18
Sean,Jackson,Male,1990-01-07
Matthew,Webb,Male,1990-01-07
Diane,Lawrence,Female,1987-11-15
Susan,Harrison,Female,1980-11-03
Bobby,Welch,Male,1990-05-30
Shawn,Long,Male,1983-08-08
Louis,Dixon,Male,1985-11-08
Wanda,Bennett,Female,1980-09-26
Angela,Knight,Female,1986-05-31
Wayne,Murray,Male,1982-05-15
Lawrence,Harper,Male,1990-04-01
Matthew,Garcia,Male,1987-12-03
Mildred,Holmes,Female,1986-01-18
Paula,Ramos,Female,1981-10-08
Raymond,Williamson,Male,1981-10-18
Peter,Walker,Male,1985-05-05
Susan,Holmes,Female,1986-06-03
Harold,Harvey,Male,1985-05-23
Brandon,Simpson,Male,1990-02-15
Amanda,Reed,Female,1985-12-15
Tina,Hawkins,Female,1984-04-30
Antonio,Kim,Male,1989-12-23
Ann,Anderson,Female,1982-07-02
Howard,Ramos,Male,1986-02-28
Mildred,Palmer,Female,1989-02-08
Angela,Gardner,Female,1980-03-23
Andrea,Brown,Female,1980-10-19
Melissa,Washington,Female,1990-11-17
Kathryn,Edwards,Female,1986-07-10
Richard,Carpenter,Male,1980-08-15
Sharon,Ramirez,Female,1984-05-18
Russell,Gibson,Male,1988-09-13
Henry,Bell,Male,1990-03-16
Ann,Phillips,Female,1989-04-18
Richard,Williams,Male,1985-04-18
Keith,Marshall,Male,1986-10-02
Wayne,Dunn,Male,1985-12-28
Raymond,Barnes,Male,1985-09-18
Raymond,Woods,Male,1986-08-03
Juan,Adams,Male,1980-07-10
Raymond,Nguyen,Male,1989-07-09
Laura,Burns,Female,1985-12-28
Stephen,Burns,Male,1988-01-21
Doris,Baker,Female,1990-06-17
Joe,Mason,Male,1984-05-23
Gregory,Flores,Male,1990-04-23
Emily,Jenkins,Female,1984-08-09
Larry,Cook,Male,1987-01-24
Joe,Greene,Male,1982-11-15
Louise,Mccoy,Female,1985-08-06
Walter,Black,Male,1988-10-06
Kathleen,Gibson,Female,1982-08-18
Donald,Cunningham,Male,1988-01-17
Joshua,Mendoza,Male,1982-10-19
Matthew,Woods,Male,1983-09-25
Jeremy,Owens,Male,1989-08-31
Michael,Frazier,Male,1982-02-25
Gerald,Henderson,Male,1990-12-10
Joshua,Mcdonald,Male,1982-12-05
Phyllis,Parker,Female,1986-03-15
Carl,Thompson,Male,1990-09-28
Angela,Stone,Female,1980-01-17
Tammy,Edwards,Female,1982-02-15
George,Fuller,Male,1980-01-05
Michelle,Harrison,Female,1983-12-28
Michelle,Kennedy,Female,1984-02-04
Evelyn,Gardner,Female,1985-11-06
Gerald,Franklin,Male,1983-01-14
Laura,Ward,Female,1990-07-29
Jack,Stephens,Male,1980-08-13
Patricia,Hicks,Female,1986-01-10
Frances,Arnold,Female,1982-03-01
Donald,Hanson,Male,1987-01-05
Alan,Hanson,Male,1986-04-19
Timothy,Reynolds,Male,1980-01-30
Ralph,Morrison,Male,1982-04-01
Melissa,Montgomery,Female,1988-03-12
Carl,Carroll,Male,1988-11-23
Dennis,Stewart,Male,1989-08-24
Howard,Peterson,Male,1984-12-25
Debra,Alexander,Female,1988-06-16
Elizabeth,Ramos,Female,1988-02-23
Teresa,Howard,Female,1980-09-05
Antonio,Austin,Male,1988-08-11
Virginia,Stone,Female,1986-01-31
Joyce,Garza,Female,1980-10-19
Shawn,Stanley,Male,1987-08-09
Melissa,Green,Female,1983-06-14
Henry,West,Male,1980-09-07
Cheryl,Henderson,Female,1987-03-22
Craig,Kelley,Male,1983-04-27
Kathy,Barnes,Female,1985-11-08
Douglas,Hughes,Male,1990-11-19
Anthony,Wallace,Male,1987-09-24
Brandon,Simpson,Male,1985-11-03
Carl,Nelson,Male,1983-04-07
Lillian,Bennett,Female,1990-04-29
Mildred,Day,Female,1981-09-13
Adam,Walker,Male,1980-12-27
Henry,Martinez,Male,1986-06-05
Janet,Moreno,Female,1983-05-14
Carolyn,Garcia,Female,1986-01-17
Dorothy,Peters,Female,1982-02-09
Julie,Pierce,Female,1983-07-28
Aaron,Lane,Male,1981-08-02
Albert,Mccoy,Male,1987-07-07
Terry,Ramos,Male,1984-01-25
Sean,Moreno,Male,1985-08-06
Michael,Hawkins,Male,1982-10-08
Karen,Porter,Female,1986-12-20
Jerry,Phillips,Male,1982-06-21
Lawrence,Ferguson,Male,1983-08-21
Nancy,Moreno,Female,1980-12-10
Heather,Kennedy,Female,1987-03-12
Johnny,King,Male,1990-01-15
Judy,George,Female,1980-02-19
Betty,Black,Female,1982-06-28
Joseph,Brown,Male,1986-11-06
Rebecca,Mason,Female,1990-08-07
Timothy,Arnold,Male,1988-01-29
Willie,Castillo,Male,1987-12-22
Aaron,Green,Male,1984-07-09
Diane,Ryan,Female,1989-11-03
Helen,Thompson,Female,1980-06-08
Harry,Nguyen,Male,1981-06-14
Bobby,Powell,Male,1982-06-22
Cynthia,Miller,Female,1980-12-05
Samuel,Sullivan,Male,1990-07-28
Deborah,Grant,Female,1987-08-15
Lawrence,Frazier,Male,1984-01-01
Mildred,Payne,Female,1990-12-13
Amanda,Marshall,Female,1990-10-05
Adam,Meyer,Male,1980-04-25
Heather,Grant,Female,1983-11-16
Rebecca,Hart,Female,1980-05-26
Joshua,Rivera,Male,1987-08-22
Heather,Cook,Female,1990-01-02
Todd,West,Male,1983-12-04
Anne,Webb,Female,1987-12-17
Frances,Chavez,Female,1985-09-23
Robert,Jackson,Male,1990-02-09
Catherine,Porter,Female,1985-08-01
Barbara,Richards,Female,1986-12-20
Beverly,Burke,Female,1986-02-21
Diane,Reid,Female,1988-05-26
Jessica,Medina,Female,1981-12-21
Christina,Garrett,Female,1983-05-08
Bobby,Dixon,Male,1982-05-11
Timothy,Barnes,Male,1985-04-05
Gary,Rose,Male,1989-01-30
Ashley,Johnston,Female,1989-08-29
Larry,Kelley,Male,1984-07-25
Philip,Russell,Male,1989-04-18
Peter,Hill,Male,1988-02-23
Jessica,Hughes,Female,1990-08-16
Wayne,Cruz,Male,1985-03-18
Brandon,Cunningham,Male,1982-09-04
Rose,Campbell,Female,1981-11-29
Beverly,Hayes,Female,1983-10-28
Linda,Cruz,Female,1983-04-27
Carlos,Anderson,Male,1980-03-14
Teresa,Olson,Female,1985-07-07
Ernest,Mendoza,Male,1980-02-12
Jane,Ryan,Female,1986-04-27
Earl,Flores,Male,1981-01-18
Laura,Griffin,Female,1980-03-12
Lillian,Duncan,Female,1980-05-16
Annie,Daniels,Female,1980-10-02
Dorothy,Russell,Female,1981-02-14
Antonio,Banks,Male,1988-06-16
Cheryl,Hanson,Female,1982-01-17
Todd,Perkins,Male,1983-11-09
Cynthia,Lawson,Female,1990-11-09
Steven,Fisher,Male,1981-07-26
Joshua,Richardson,Male,1987-08-27
Shirley,Olson,Female,1985-08-09
Charles,Burke,Male,1988-08-08
Sandra,Jacobs,Female,1988-06-15
Tammy,Gardner,Female,1988-12-18
Adam,Simpson,Male,1988-11-15
Stephen,Nichols,Male,1986-10-08
Lois,Henderson,Female,1988-01-22
Larry,Cole,Male,1987-12-30
Stephen,Garza,Male,1987-10-25
Louis,Morgan,Male,1985-06-04
Justin,Washington,Male,1989-11-16
Katherine,Foster,Female,1984-03-01
Teresa,Reid,Female,1982-05-26
Kenneth,Myers,Male,1983-04-17
Brenda,Wright,Female,1989-12-11
Edward,Hawkins,Male,1989-08-01
Gary,Jackson,Male,1987-11-27
Catherine,Welch,Female,1988-01-12
Richard,White,Male,1983-06-17
Emily,Hudson,Female,1990-06-02
Joseph,Cole,Male,1986-04-17
Bobby,Stevens,Male,1986-01-22
Diane,Gonzales,Female,1981-01-29
Christina,Adams,Female,1988-07-19
Frances,Smith,Female,1987-04-16
Sharon,Medina,Female,1980-11-08
Daniel,Gray,Male,1981-01-05
Jimmy,Campbell,Male,1981-06-30
Todd,Cook,Male,1987-06-07
Cheryl,Harrison,Female,1983-04-04
Nicole,Bishop,Female,1984-03-08
Kathleen,Lewis,Female,1985-02-10
Nancy,Schmidt,Female,1980-08-04
Karen,Duncan,Female,1980-10-06
Raymond,Castillo,Male,1982-04-13
Louis,Clark,Male,1983-09-04
Kelly,Reynolds,Female,1983-01-19
William,Hart,Male,1985-06-24
Joe,Simpson,Male,1984-09-07
James,Wilson,Male,1990-09-28
Janice,Martinez,Female,1983-11-11
Jerry,Weaver,Male,1980-11-02
Shawn,Carroll,Male,1981-09-26
Johnny,Hart,Male,1988-03-10
Anthony,Gilbert,Male,1980-03-23
Randy,Harrison,Male,1990-09-29
Joseph,Lawrence,Male,1986-05-06
Earl,Montgomery,Male,1987-10-20
Donna,Snyder,Female,1983-07-29
Kenneth,Sims,Male,1983-03-05
Rose,Reyes,Female,1986-05-17
Ralph,Williamson,Male,1989-05-10
Louis,Rogers,Male,1986-11-17
Laura,Perry,Female,1984-10-01
Nancy,Sanchez,Female,1989-01-14
Helen,Hughes,Female,1980-02-03
Earl,Hill,Male,1988-04-07
Harry,White,Male,1981-02-23
Peter,Hill,Male,1980-01-17
Ronald,Dunn,Male,1986-07-16
Maria,Miller,Female,1982-05-29
Bruce,Carpenter,Male,1985-02-26
Nancy,Dunn,Female,1987-12-01
Donald,Mcdonald,Male,1988-08-31
Barbara,Brooks,Female,1984-12-01
Eric,Kelly,Male,1987-10-21
Ryan,Adams,Male,1986-04-22
Amy,Bishop,Female,1984-02-19
Denise,Hart,Female,1983-06-03
Gregory,Lee,Male,1985-09-22
Raymond,Henderson,Male,1990-03-01
Lois,Hansen,Female,1990-06-08
Ruth,Hall,Female,1985-06-22
Melissa,Burke,Female,1981-12-27
Lisa,Kelley,Female,1988-05-26
Robert,Johnson,Male,1987-01-03
Michael,Gray,Male,1984-12-15
Bonnie,Turner,Female,1981-04-05
Donald,Garcia,Male,1984-02-23
Kathryn,Fuller,Female,1980-11-09
Arthur,Wallace,Male,1980-04-27
Amy,Hamilton,Female,1989-08-31
Harold,Rivera,Male,1986-04-03
James,Sanders,Male,1982-03-12
Terry,Scott,Male,1988-06-10
Carol,Bell,Female,1982-06-11
Aaron,Bailey,Male,1985-10-09
Anthony,Roberts,Male,1980-06-14
Robin,Adams,Female,1990-04-02
Phillip,Myers,Male,1985-04-12
Ruth,Castillo,Female,1986-11-16
Joseph,Jacobs,Male,1986-02-16
Kelly,Mitchell,Female,1980-07-05
Roger,Mccoy,Male,1987-04-08
Frank,Cooper,Male,1987-10-16
Ruby,Perez,Female,1984-11-26
Billy,Owens,Male,1989-02-03
Wanda,Kennedy,Female,1983-01-23
Lois,Gray,Female,1981-04-23
Ruth,Arnold,Female,1983-12-04
Daniel,Harrison,Male,1988-09-22
Martha,Russell,Female,1988-04-21
Phillip,Weaver,Male,1988-12-10
Ashley,Stone,Female,1987-08-17
Linda,Webb,Female,1986-06-26
Rachel,Bell,Female,1982-05-11
Janet,Elliott,Female,1985-06-29
Ruth,Wright,Female,1989-11-26
John,West,Male,1984-01-10
Amy,Sanchez,Female,1983-12-19
Christine,Coleman,Female,1986-01-04
Peter,Bell,Male,1982-02-16
Sharon,Kelley,Female,1985-08-13
Raymond,Collins,Male,1989-02-08
Roger,Stewart,Male,1988-03-29
Dennis,Henderson,Male,1980-09-19
Amanda,Fernandez,Female,1989-04-05
Jimmy,Gomez,Male,1981-12-11
Paula,White,Female,1988-10-20
Denise,Snyder,Female,1987-01-24
Harry,Burns,Male,1980-05-15
Beverly,Lopez,Female,1987-06-24
Judith,Jenkins,Female,1989-04-28
Raymond,Castillo,Male,1989-06-14
Helen,Montgomery,Female,1980-03-18
Harry,Gomez,Male,1984-12-26
Debra,Harper,Female,1982-01-13
Dorothy,Young,Female,1984-05-22
Carl,Carter,Male,1989-08-01
Mildred,Brooks,Female,1983-01-18
Denise,Burton,Female,1983-06-17
Lillian,Myers,Female,1983-10-18
Gloria,Wilson,Female,1981-06-08
Ruby,Stephens,Female,1989-01-07
Wayne,Baker,Male,1982-09-10
Arthur,Ortiz,Male,1986-05-21
Jennifer,Coleman,Female,1980-10-11
Patrick,Holmes,Male,1984-01-30
Katherine,Simmons,Female,1981-12-16
Carlos,Lee,Male,1986-06-08
Judy,Ross,Female,1982-12-26
Gerald,Scott,Male,1984-07-11
Nancy,George,Female,1981-01-30
Bobby,Sullivan,Male,1985-12-08
Louis,Rose,Male,1988-08-01
Jessica,Crawford,Female,1990-04-10
Alan,Fuller,Male,1989-11-30
Harold,Thompson,Male,1981-05-17
Roger,Montgomery,Male,1980-10-14
Laura,Garcia,Female,1985-04-15
Julia,Perry,Female,1982-06-10
Howard,Cox,Male,1985-01-13
Alice,Clark,Female,1980-09-11
Harold,Jordan,Male,1986-08-12
Howard,Cunningham,Male,1988-08-24
Eric,Porter,Male,1986-09-26
Aaron,Hamilton,Male,1985-02-15
Nicholas,Jordan,Male,1980-05-28
Laura,Lynch,Female,1986-05-08
Ruth,White,Female,1988-01-11
Mary,Smith,Female,1987-12-12
Mark,Brown,Male,1982-07-17
Julie,Chapman,Female,1981-12-01
Janice,Mitchell,Female,1982-08-13
Timothy,Montgomery,Male,1986-09-16
Keith,Watkins,Male,1982-09-29
Chris,Fowler,Male,1981-04-16
Jason,Myers,Male,1990-10-12
Catherine,Bell,Female,1990-02-16
Joseph,Stevens,Male,1988-12-24
Sean,Myers,Male,1981-12-16
Martin,Jones,Male,1989-09-22
Timothy,Wells,Male,1982-09-03
Samuel,Tucker,Male,1984-06-03
Wayne,Wells,Male,1988-03-11
Nancy,Hughes,Female,1983-11-24
Jack,Elliott,Male,1980-08-08
Jonathan,Hall,Male,1986-01-10
Beverly,Washington,Female,1980-05-21
Kevin,Berry,Male,1986-06-17
George,White,Male,1986-11-15
Deborah,Smith,Female,1980-06-06
Phyllis,Webb,Female,1989-08-04
Evelyn,Patterson,Female,1984-03-13
Laura,Burns,Female,1984-03-05
Jerry,Frazier,Male,1988-07-02
Nicholas,Stanley,Male,1987-07-17
Carl,Richards,Male,1988-12-18
Nicole,Meyer,Female,1985-12-29
Tammy,Reynolds,Female,1983-03-30
Arthur,Brown,Male,1980-02-02
Nicole,Miller,Female,1984-11-09
Alan,Patterson,Male,1988-11-19
Sarah,Harris,Female,1987-05-02
Patrick,Matthews,Male,1987-03-05
Anne,Clark,Female,1984-03-28
Teresa,White,Female,1986-12-07
Craig,Stevens,Male,1983-08-13
Fred,Ruiz,Male,1987-03-27
Lillian,Allen,Female,1984-05-06
Alan,Stephens,Male,1980-07-19
Christopher,Hayes,Male,1984-11-25
Roy,Williams,Male,1985-01-28
Donna,Crawford,Female,1985-10-09
Steve,Montgomery,Male,1990-06-20
Catherine,Watkins,Female,1988-02-15
Antonio,Stewart,Male,1981-07-22
Bruce,Gordon,Male,1981-06-02
Denise,Kelley,Female,1990-08-01
Kathy,Knight,Female,1982-12-25
Albert,Sims,Male,1988-01-17
Paula,Sanchez,Female,1987-06-18
James,Harvey,Male,1982-02-01
Randy,Williams,Male,1987-09-21
Phillip,Montgomery,Male,1986-03-26
Lawrence,Hamilton,Male,1980-03-22
Alice,Parker,Female,1981-02-15
Raymond,Walker,Male,1987-07-06
Christopher,Matthews,Male,1981-01-27
Margaret,Butler,Female,1985-09-18
Harry,Stevens,Male,1988-03-09
Teresa,Lopez,Female,1983-03-22
Eric,Green,Male,1981-02-12
Adam,Cook,Male,1990-12-19
Margaret,Nichols,Female,1990-01-25
Christine,Grant,Female,1981-04-15
Ralph,Stevens,Male,1987-11-12
Julie,Henderson,Female,1980-02-13
Sara,Parker,Female,1986-05-29
Anna,Reynolds,Female,1988-11-21
Samuel,Sullivan,Male,1985-07-30
Joe,Woods,Male,1986-12-10
Victor,Patterson,Male,1986-08-30
Judith,Hill,Female,1983-06-12
Aaron,Cook,Male,1989-04-20
Lawrence,Simmons,Male,1988-12-13
Ronald,Richards,Male,1989-05-03
Andrew,Carroll,Male,1986-10-09
Sarah,Wallace,Female,1990-11-03
Nicholas,Ward,Male,1988-04-11
Thomas,Owens,Male,1981-09-16
Albert,Rivera,Male,1984-05-25
Frank,Vasquez,Male,1985-12-26
Keith,Wheeler,Male,1990-04-29
Emily,Morrison,Female,1990-07-03
Jack,Hall,Male,1982-06-22
Sean,Martinez,Male,1989-09-24
Amanda,Fisher,Female,1982-05-10
Arthur,Kennedy,Male,1987-05-02
Robert,Hicks,Male,1987-10-24
Ryan,Kim,Male,1983-03-03
Martin,King,Male,1988-10-03
Melissa,James,Female,1981-09-05
Edward,Henry,Male,1986-04-24
Martha,White,Female,1987-03-29
Tina,George,Female,1986-12-13
Gloria,Henderson,Female,1989-02-02
Stephen,Garrett,Male,1980-11-29
Martin,Murray,Male,1990-03-21
Jose,Fields,Male,1989-08-01
Irene,Torres,Female,1988-03-05
Ruth,Nelson,Female,1989-10-22
Betty,Lewis,Female,1982-02-03
Richard,Chavez,Male,1980-11-26
Jose,Parker,Male,1980-04-25
Betty,Mason,Female,1980-12-23
Paula,Wallace,Female,1984-03-21
Anna,Edwards,Female,1984-04-18
Frances,Stevens,Female,1984-05-05
Christina,Ryan,Female,1980-03-01
Stephen,Reid,Male,1982-03-12
Ann,Allen,Female,1988-12-17
Gregory,Payne,Male,1982-06-03
Lisa,Torres,Female,1982-08-24
Billy,Harris,Male,1985-11-03
Brandon,Ramirez,Male,1989-09-04
Antonio,Coleman,Male,1982-04-11
Lillian,Lawrence,Female,1983-01-05
Joe,Reid,Male,1982-01-03
Elizabeth,Cox,Female,1983-02-10
Sharon,Vasquez,Female,1987-10-25
Lillian,Dunn,Female,1990-12-29
Julie,Burton,Female,1984-12-16
Phyllis,Moreno,Female,1986-02-05
Lois,Palmer,Female,1989-04-28
Craig,Dean,Male,1988-10-02
Todd,Perkins,Male,1980-02-24
Lisa,Romero,Female,1980-09-13
Nancy,Warren,Female,1981-03-16
Benjamin,Mendoza,Male,1990-01-20
Martin,Wells,Male,1986-09-17
Judy,Reed,Female,1982-03-05
Thomas,Grant,Male,1990-08-18
Nancy,Olson,Female,1983-10-16
Phillip,Thompson,Male,1986-08-08
Steve,Jacobs,Male,1990-11-05
Donald,Alexander,Male,1983-01-20
Marilyn,Hernandez,Female,1982-04-30
Jeremy,Day,Male,1987-03-02
Craig,Reed,Male,1981-05-10
Steven,Gilbert,Male,1989-03-28
Adam,Scott,Male,1989-11-04
Justin,Graham,Male,1985-03-02
Jessica,Alexander,Female,1986-12-03
Lori,Turner,Female,1990-03-04
Angela,Harrison,Female,1983-01-12
Angela,Carpenter,Female,1987-05-12
Martin,Andrews,Male,1983-11-05
Carol,Chapman,Female,1981-06-26
Maria,Nelson,Female,1980-11-18
Catherine,Andrews,Female,1985-10-25
Christina,Myers,Female,1985-06-11
Jesse,Ellis,Male,1981-03-18
Kathleen,Wheeler,Female,1984-01-19
Robert,Richardson,Male,1988-03-09
Chris,Phillips,Male,1987-04-01
Johnny,Gray,Male,1980-03-15
Randy,Richards,Male,1989-07-12
Craig,Ferguson,Male,1990-10-28
Anthony,White,Male,1989-10-30
Mark,Banks,Male,1984-05-28
Benjamin,Wood,Male,1990-06-28
Ann,Hunter,Female,1985-04-11
Earl,Moreno,Male,1980-01-08
Antonio,Howard,Male,1980-12-20
Julia,Burke,Female,1990-08-28
David,Ramirez,Male,1990-02-27
Henry,Sanchez,Male,1989-10-09
Jeremy,Ramos,Male,1987-11-20
Judith,Wood,Female,1989-01-20
Henry,Stephens,Male,1989-07-30
Joan,Grant,Female,1989-08-05
Johnny,Morrison,Male,1987-03-16
Tammy,Kelly,Female,1990-03-24
Martin,Chavez,Male,1988-10-18
Kathleen,Martinez,Female,1984-06-07
Jane,Brooks,Female,1984-11-25
Stephanie,Reynolds,Female,1984-06-22
George,Banks,Male,1986-07-27
Alice,Adams,Female,1983-06-22
Kimberly,Ruiz,Female,1984-01-17
Carol,Barnes,Female,1980-01-06
Steven,Wood,Male,1989-02-12
Jacqueline,Harris,Female,1983-06-03
Patricia,Nelson,Female,1989-05-15
Julie,Perkins,Female,1989-01-03
Evelyn,Jones,Female,1985-01-07
Nancy,Daniels,Female,1986-07-09
Steve,Jordan,Male,1987-07-06
Brian,Chapman,Male,1988-04-27
Antonio,Grant,Male,1980-04-08
Todd,Wheeler,Male,1984-03-13
Ryan,Hughes,Male,1981-02-21
Henry,Andrews,Male,1988-03-26
Judith,Jordan,Female,1986-05-11
Karen,Berry,Female,1985-01-30
Justin,Oliver,Male,1984-01-02
Amy,Jackson,Female,1990-04-22
Carlos,Elliott,Male,1980-12-13
Diana,Matthews,Female,1985-07-22
Gary,Hill,Male,1989-11-17
Linda,Romero,Female,1985-01-06
Ryan,Rice,Male,1985-07-26
Judy,Brown,Female,1990-02-21
Annie,Smith,Female,1989-04-10
Julia,Hunt,Female,1988-11-18
Beverly,Fernandez,Female,1980-03-23
Joshua,Harrison,Male,1982-05-24
Beverly,Reyes,Female,1985-01-29
Mary,Reynolds,Female,1981-08-27
Aaron,Little,Male,1988-07-31
Kevin,Tucker,Male,1988-12-12
Bruce,Berry,Male,1988-10-01
William,Dunn,Male,1985-07-02
Tina,Cunningham,Female,1982-11-17
Johnny,Brown,Male,1981-05-06
Matthew,Ryan,Male,1988-08-09
Janice,Tucker,Female,1982-07-23
Jacqueline,Hanson,Female,1990-11-18
Jean,Ellis,Female,1983-12-11
Kathryn,Diaz,Female,1981-01-17
Terry,Daniels,Male,1988-01-04
Donna,Stewart,Female,1980-03-16
Doris,Flores,Female,1985-04-04
Carlos,Fox,Male,1980-10-10
Phillip,Grant,Male,1980-12-15
Sean,Tucker,Male,1990-04-07
Lawrence,Bell,Male,1984-01-13
Margaret,Ramirez,Female,1980-05-29
Nicholas,Turner,Male,1980-02-13
Brandon,Jordan,Male,1982-04-19
Roger,Stone,Male,1989-11-25
Annie,Garcia,Female,1980-02-04
Andrew,Ferguson,Male,1982-07-03
Lois,Jacobs,Female,1990-05-06
Kelly,Hansen,Female,1982-08-26
Margaret,Moore,Female,1982-12-30
Samuel,Cruz,Male,1985-08-14
Anna,Pierce,Female,1987-03-10
Philip,Turner,Male,1981-07-09
Raymond,Sanchez,Male,1990-10-04
Norma,Andrews,Female,1989-06-05
Kevin,Murray,Male,1987-03-11
Jessica,Austin,Female,1985-08-22
Gregory,Gomez,Male,1980-08-16
Brandon,Perez,Male,1983-03-27
Jimmy,Austin,Male,1986-11-15
Kathleen,Romero,Female,1980-07-17
Nicole,Howell,Female,1981-09-15
Bruce,Crawford,Male,1981-08-16
Scott,Mason,Male,1980-11-30
Catherine,Gray,Female,1987-05-01
Norma,Pierce,Female,1983-09-27
Maria,Carpenter,Female,1990-02-25
Jose,Gordon,Male,1989-03-19
Gloria,Rice,Female,1985-11-03
James,Rodriguez,Male,1987-06-27
Kathleen,Green,Female,1981-07-09
Samuel,Weaver,Male,1987-08-27
Ruby,Jacobs,Female,1981-03-23
Shirley,Reid,Female,1985-10-19
Clarence,Perry,Male,1986-11-07
Eugene,Garrett,Male,1985-11-23
Randy,Woods,Male,1984-07-02
Brenda,Miller,Female,1982-07-17
Wayne,Bradley,Male,1985-03-26
Jeffrey,Martinez,Male,1985-05-02
Theresa,Adams,Female,1980-08-11
Joyce,Ramirez,Female,1981-02-17
Nicole,Rose,Female,1985-05-23
Kathleen,Gardner,Female,1982-01-06
Marie,Wilson,Female,1984-03-20
Phillip,Boyd,Male,1987-06-02
Kimberly,Carter,Female,1984-02-23
Margaret,Carr,Female,1982-09-12
Fred,Freeman,Male,1990-06-14
Betty,Ramirez,Female,1987-06-17
Richard,Wood,Male,1987-01-23
Larry,Moore,Male,1988-12-15
Willie,Patterson,Male,1986-05-27
Gerald,Ramos,Male,1989-05-04
Jeffrey,Duncan,Male,1981-09-23
Lisa,Rogers,Female,1988-11-11
Stephanie,Oliver,Female,1981-07-03
Antonio,Ross,Male,1983-04-15
Angela,Foster,Female,1989-04-11
Jonathan,Mason,Male,1989-04-30
Sharon,Edwards,Female,1987-08-06
Stephanie,Peters,Female,1990-06-16
Harold,Alvarez,Male,1989-10-13
Bobby,Jones,Male,1981-05-28
Mary,Cunningham,Female,1989-09-06
Betty,Ramirez,Female,1988-04-26
Terry,Morales,Male,1990-06-08
Christine,Henderson,Female,1989-07-31
Nancy,Foster,Female,1985-07-01
Kathy,Thomas,Female,1985-04-08
Mildred,Rice,Female,1980-11-13
Shirley,Oliver,Female,1988-04-13
Alan,Foster,Male,1990-07-15
Sandra,Hayes,Female,1990-09-23
Martin,Fox,Male,1984-01-01
Douglas,Gibson,Male,1980-03-10
Jack,Carroll,Male,1980-05-19
Virginia,Oliver,Female,1983-03-08
Roger,Jordan,Male,1990-05-29
Janet,Nelson,Female,1982-01-31
Howard,Price,Male,1986-04-26
Bobby,Mason,Male,1981-01-31
George,Jacobs,Male,1985-04-11
Steven,Garrett,Male,1984-10-25
Kathryn,Greene,Female,1985-11-04
Jose,Reynolds,Male,1989-03-07
Rachel,Owens,Female,1989-07-25
Joshua,Nguyen,Male,1990-05-20
Juan,Morris,Male,1985-09-15
Brenda,Ross,Female,1984-03-18
Peter,Kelly,Male,1986-04-04
Sarah,Ramirez,Female,1986-05-07
Lillian,Mendoza,Female,1988-10-07
Kathryn,Ford,Female,1982-10-23
Margaret,Watkins,Female,1981-11-15
Earl,Fernandez,Male,1982-07-14
Samuel,Mccoy,Male,1981-07-03
Jack,Berry,Male,1985-05-03
Paul,Banks,Male,1988-10-27
Albert,Woods,Male,1984-01-10
Nancy,Ramos,Female,1989-08-19
Joseph,Walker,Male,1988-12-21
Angela,Evans,Female,1982-10-13
Keith,Boyd,Male,1989-07-16
Bonnie,Allen,Female,1990-10-26
Earl,Diaz,Male,1989-12-06
Kathy,Day,Female,1989-02-03
Gary,Gilbert,Male,1980-11-19
Debra,Lawrence,Female,1990-06-07
Carol,Rivera,Female,1987-08-31
Terry,Franklin,Male,1989-05-05
Jessica,Hicks,Female,1980-06-05
Diane,Rice,Female,1980-12-03
Joan,Collins,Female,1985-12-29
Carlos,Henry,Male,1982-04-27
Emily,Richards,Female,1982-05-12
Timothy,Bishop,Male,1988-04-14
Victor,Henderson,Male,1981-01-23
Gerald,Howell,Male,1981-12-16
Lisa,Jacobs,Female,1986-01-10
Jennifer,Austin,Female,1988-02-28
Scott,Hunter,Male,1989-05-23
Mary,Mills,Female,1983-03-11
Martha,Washington,Female,1988-12-06
Anthony,Howell,Male,1981-08-11
Andrea,Watkins,Female,1983-01-07
Joshua,Foster,Male,1989-01-03
Nicholas,Cunningham,Male,1986-10-07
Mary,Parker,Female,1983-06-03
Anna,Griffin,Female,1985-09-05
Joe,Castillo,Male,1987-01-01
Harry,Fox,Male,1984-01-25
Emily,Riley,Female,1982-09-21
Judith,Thomas,Female,1986-09-30
Judith,Edwards,Female,1984-04-09
David,Jenkins,Male,1985-12-22
Patricia,Hart,Female,1984-01-26
Paul,Cole,Male,1985-09-15
Lawrence,Foster,Male,1986-05-05
Clarence,Walker,Male,1980-04-29
Samuel,Brooks,Male,1983-10-31
Joseph,Greene,Male,1989-12-13
Robert,Rice,Male,1983-10-31
Louis,Lawson,Male,1989-09-10
Jeremy,Moreno,Male,1983-10-06
Judith,Sullivan,Female,1980-12-13
Diane,Roberts,Female,1990-05-01
Catherine,Coleman,Female,1990-08-08
Gloria,Carter,Female,1985-02-25
Jeffrey,Weaver,Male,1981-09-30
Lisa,Mills,Female,1990-02-12
Thomas,Bradley,Male,1980-10-27
Jack,Grant,Male,1990-12-13
Christopher,Cox,Male,1988-07-11
David,Barnes,Male,1986-03-05
Earl,Ryan,Male,1982-12-22
Jerry,Rice,Male,1985-03-05
Patrick,Porter,Male,1986-11-14
Carolyn,Lopez,Female,1985-03-25
Bonnie,Jordan,Female,1981-09-15
Kathryn,Shaw,Female,1987-03-19
Randy,Bell,Male,1989-08-17
Helen,Young,Female,1990-11-26
Howard,Stanley,Male,1983-01-11
Jason,Bailey,Male,1988-11-11
Denise,Hall,Female,1980-09-04
Barbara,Peters,Female,1989-11-21
Harold,Stevens,Male,1983-11-24
George,Howell,Male,1986-06-01
Sharon,Robinson,Female,1989-01-18
Lawrence,Sims,Male,1985-09-23
Debra,Hayes,Female,1987-12-11
Russell,Chapman,Male,1982-11-09
Brandon,Walker,Male,1990-02-13
Sandra,Stewart,Female,1985-04-11
Gregory,Gilbert,Male,1989-01-28
Roger,Marshall,Male,1981-01-05
Brenda,Clark,Female,1980-06-11
Amy,Chapman,Female,1985-10-09
William,Banks,Male,1984-05-18
Mary,Berry,Female,1986-12-10
Lori,Henry,Female,1980-03-02
Susan,Torres,Female,1981-05-18
Lois,Perez,Female,1986-11-07
Julia,Henry,Female,1985-09-14
Aaron,Fox,Male,1982-07-13
Carl,Anderson,Male,1980-07-09
Craig,Snyder,Male,1990-01-17
Louis,Lewis,Male,1990-11-26
Larry,Freeman,Male,1982-12-24
Melissa,Robinson,Female,1980-09-15
Matthew,Wheeler,Male,1985-11-03
Matthew,Ferguson,Male,1985-02-26
Victor,Andrews,Male,1983-01-18
Walter,Day,Male,1990-11-02
Elizabeth,Freeman,Female,1980-02-01
Jimmy,Lee,Male,1988-02-28
Alice,Watkins,Female,1981-06-17
Charles,Greene,Male,1980-02-03
Chris,Phillips,Male,1980-11-21
Stephanie,Freeman,Female,1986-11-05
Adam,Castillo,Male,1985-05-23
Craig,Garrett,Male,1981-06-04
Chris,Carter,Male,1989-11-10
Paula,Reyes,Female,1981-09-08
Anne,Lee,Female,1981-09-04
Tina,Taylor,Female,1987-09-02
Julia,Montgomery,Female,1988-10-09
Cheryl,Cooper,Female,1982-08-04
Brian,Garrett,Male,1988-07-24
Judy,Welch,Female,1989-01-11
Eric,Rodriguez,Male,1989-12-20
Louise,Moore,Female,1986-07-22
Gloria,Gray,Female,1988-11-12
Joshua,Clark,Male,1987-04-12
Jeremy,Long,Male,1980-09-16
Eugene,Stanley,Male,1984-05-22
William,Day,Male,1982-02-26
Joe,Daniels,Male,1981-04-09
Nicole,Black,Female,1985-12-16
Angela,Young,Female,1990-10-15
Johnny,Rice,Male,1988-05-08
Rose,Mendoza,Female,1987-03-31
Bobby,Thompson,Male,1980-07-24
Victor,Ruiz,Male,1983-03-04
Catherine,Clark,Female,1986-03-23
Aaron,West,Male,1985-10-01
Wanda,Olson,Female,1984-09-14
Denise,Moore,Female,1980-08-16
Angela,Freeman,Female,1989-08-04
Kevin,Henderson,Male,1988-06-02
Chris,Peters,Male,1989-08-07
Sharon,Harvey,Female,1987-07-31
Michelle,Cook,Female,1980-11-27
Jane,Jackson,Female,1984-12-09
Adam,Marshall,Male,1987-11-30
Kimberly,Cunningham,Female,1987-01-29
Jacqueline,Medina,Female,1990-11-22
Tammy,Burke,Female,1981-05-28
Linda,Ross,Female,1981-10-10
Billy,Mendoza,Male,1981-10-18
Carl,Lawson,Male,1990-06-13
Brandon,Flores,Male,1983-05-20
Carl,Castillo,Male,1989-06-10
Sandra,Willis,Female,1983-12-30
George,Greene,Male,1990-08-19
Andrew,Franklin,Male,1990-02-19
Dorothy,Garza,Female,1981-03-31
Maria,Fuller,Female,1985-04-07
Linda,Cook,Female,1981-08-04
Joseph,Ellis,Male,1983-02-17
Carolyn,Ruiz,Female,1986-03-12
Aaron,Hicks,Male,1988-05-21
Cynthia,Rose,Female,1990-02-01
Margaret,Elliott,Female,1988-11-28
Lois,Hughes,Female,1982-08-30
Terry,Henry,Male,1988-05-21
Rachel,Chapman,Female,1984-02-22
Todd,Welch,Male,1980-12-26
Jesse,Wells,Male,1982-06-08
Tammy,Hansen,Female,1983-11-03
Anna,Fox,Female,1986-03-12
Carol,Day,Female,1987-02-09
Louise,Ryan,Female,1990-10-09
Jesse,Morgan,Male,1988-11-17
Bobby,Bryant,Male,1985-12-24
Jimmy,Alexander,Male,1980-12-22
Kevin,Cook,Male,1986-06-09
Todd,Wheeler,Male,1986-01-05
Sean,Bailey,Male,1989-11-03
Sharon,Hudson,Female,1980-03-17
George,Day,Male,1989-05-10
Todd,Wright,Male,1985-11-24
David,Duncan,Male,1987-07-22
Annie,Fisher,Female,1982-11-28
Douglas,Welch,Male,1980-11-11
Marilyn,Jacobs,Female,1990-05-06
Benjamin,Stone,Male,1987-08-16
Melissa,Rodriguez,Female,1983-11-06
Terry,Bradley,Male,1981-12-02
Cynthia,Kim,Female,1988-02-20
Albert,Fowler,Male,1988-11-22
Daniel,Mendoza,Male,1987-05-04
Martin,Gray,Male,1985-03-15
Jerry,Long,Male,1980-07-01
Sharon,Schmidt,Female,1983-05-03
Phillip,Harper,Male,1980-03-13
Diana,Allen,Female,1984-07-05
Tammy,Gray,Female,1986-09-20
Charles,Hudson,Male,1982-10-21
Tammy,Banks,Female,1990-05-25
Russell,Brooks,Male,1987-05-22
Karen,Robertson,Female,1990-02-26
Joyce,Wells,Female,1988-05-25
Cynthia,Bailey,Female,1987-10-07
Jane,Payne,Female,1982-08-22
Walter,Mcdonald,Male,1982-09-28
Stephen,Walker,Male,1987-01-22
Christine,Kelly,Female,1987-03-09
Shawn,Tucker,Male,1989-11-14
Patrick,Evans,Male,1989-07-29
Eric,Ward,Male,1983-07-23
Wayne,Baker,Male,1982-05-17
Debra,Fields,Female,1981-07-04
Peter,Adams,Male,1981-02-15
Michelle,Hall,Female,1987-03-23
Daniel,Powell,Male,1987-12-27
Annie,Berry,Female,1989-01-07
Carl,Cruz,Male,1983-04-09
Cheryl,Chavez,Female,1985-02-11
Christina,Black,Female,1985-11-04
Joshua,Coleman,Male,1983-08-17
Earl,Boyd,Male,1981-09-03
Ryan,Hayes,Male,1981-08-19
Timothy,Henry,Male,1982-12-04
Laura,Nguyen,Female,1988-06-03
Brandon,Lee,Male,1984-09-14
Cynthia,Hunt,Female,1981-08-03
Ernest,Harrison,Male,1988-04-27
Eugene,George,Male,1982-06-03
Jean,Andrews,Female,1986-07-27
Nicole,Holmes,Female,1989-07-21
Brenda,Willis,Female,1984-02-01
Fred,Turner,Male,1981-04-30
Lisa,Montgomery,Female,1983-02-11
Louis,Carroll,Male,1980-02-03
Roger,Evans,Male,1988-06-21
Eric,Clark,Male,1980-11-11
Denise,Kennedy,Female,1981-03-13
Bruce,Burns,Male,1982-08-15
Juan,Gordon,Male,1988-08-14
Julie,Peters,Female,1980-01-18
Lillian,Reyes,Female,1983-05-31
Roger,Parker,Male,1982-02-11
Brian,Nichols,Male,1989-05-25
Kathleen,Wood,Female,1988-10-31
Annie,Knight,Female,1988-04-23
Lillian,Morrison,Female,1984-01-14
Albert,Burns,Male,1983-07-21
Carol,Davis,Female,1986-12-22
Brandon,Castillo,Male,1984-01-23
Tina,Thomas,Female,1984-11-20
Amy,West,Female,1987-10-21
Shirley,White,Female,1990-05-28
Joan,Woods,Female,1982-08-02
Janice,Watkins,Female,1987-09-06
Irene,Russell,Female,1985-03-12
Christine,Bell,Female,1990-11-22
Aaron,Jordan,Male,1980-03-29
Martin,Wilson,Male,1988-01-19
Thomas,Black,Male,1989-11-06
Henry,Ruiz,Male,1987-05-10
Jesse,Garrett,Male,1989-12-10
Christine,Black,Female,1985-06-18
Phyllis,Smith,Female,1980-08-30
Annie,Watson,Female,1983-09-12
Karen,Ross,Female,1981-09-14
Douglas,Rose,Male,1985-02-11
Sarah,Harris,Female,1982-03-02
Alan,Allen,Male,1981-04-19
Teresa,Richardson,Female,1980-05-31
Denise,Butler,Female,1984-12-05
Michelle,Vasquez,Female,1986-05-10
John,Thompson,Male,1980-09-25
Frances,Romero,Female,1985-03-06
Andrew,Morrison,Male,1984-06-11
Joseph,Vasquez,Male,1986-12-19
Denise,Henry,Female,1987-01-23
Janet,Smith,Female,1988-09-24
Matthew,Rivera,Male,1983-04-26
Edward,Harrison,Male,1988-06-15
Tammy,Howard,Female,1986-03-05
James,Larson,Male,1984-12-11
Linda,Clark,Female,1989-06-25
Albert,Freeman,Male,1987-12-22
Timothy,Owens,Male,1983-09-03
Wanda,Bailey,Female,1989-11-15
Cheryl,Lawrence,Female,1981-09-29
Lois,Collins,Female,1988-01-27
Kelly,Tucker,Female,1987-12-31
Fred,Gilbert,Male,1986-12-15
James,Lopez,Male,1989-08-25
Frank,Brown,Male,1980-03-25
Willie,Cunningham,Male,1983-07-31
Irene,Sims,Female,1990-01-12
Michael,Ferguson,Male,1988-09-02
Norma,Richards,Female,1987-04-10
Steve,Freeman,Male,1985-04-11
Judith,Johnson,Female,1981-03-27
Evelyn,Holmes,Female,1986-10-24
Scott,Wallace,Male,1981-11-09
Jose,Parker,Male,1984-04-06
Christine,Hayes,Female,1981-03-12
Roy,Reyes,Male,1980-04-05