Account.External_Id__c,External_Id__c,Name
W_Account.1,W_Contact.1,Amber Mays
W_Account.2,W_Contact.2,Sandra Reeves
W_Account.3,W_Contact.3,Darren Hurst
W_Account.4,W_Contact.4,Sheri George
W_Account.5,W_Contact.5,Jeffrey Good
W_Account.6,W_Contact.6,Joseph Shepard
W_Account.7,W_Contact.7,Vanessa Phillips
W_Account.8,W_Contact.8,April Wright
W_Account.9,W_Contact.9,Ricky Barnes
W_Account.10,W_Contact.10,Zachary Garrett
W_Account.11,W_Contact.11,Jose Nguyen
W_Account.12,W_Contact.12,Tanner Jimenez
W_Account.13,W_Contact.13,Susan Butler
W_Account.14,W_Contact.14,Nicole Haas
W_Account.15,W_Contact.15,Brittany Weiss
W_Account.16,W_Contact.16,Andrew Brown
W_Account.17,W_Contact.17,Rachel Jones
W_Account.18,W_Contact.18,Christopher Jackson
W_Account.19,W_Contact.19,Jason Moses
W_Account.20,W_Contact.20,Robert Lopez
W_Account.21,W_Contact.21,Michael Mendoza
W_Account.22,W_Contact.22,Michele Hill
W_Account.23,W_Contact.23,Jessica Brown
W_Account.24,W_Contact.24,Lauren Cervantes
W_Account.25,W_Contact.25,Megan Howe
W_Account.26,W_Contact.26,Ann Cummings
W_Account.27,W_Contact.27,Kathleen Hatfield
W_Account.28,W_Contact.28,James Ryan
W_Account.29,W_Contact.29,Gloria Reid
W_Account.30,W_Contact.30,Roy Reese
W_Account.31,W_Contact.31,Megan Martinez
W_Account.32,W_Contact.32,Jodi Smith
W_Account.33,W_Contact.33,Monica Robertson
W_Account.34,W_Contact.34,Shawn Murphy
W_Account.35,W_Contact.35,Ashley Harper
W_Account.36,W_Contact.36,Rebecca Manning
W_Account.37,W_Contact.37,Sheryl Davis
W_Account.38,W_Contact.38,Kara Berg
W_Account.39,W_Contact.39,Jack Johnson
W_Account.40,W_Contact.40,Michael Contreras
W_Account.41,W_Contact.41,Brett Booth
W_Account.42,W_Contact.42,Denise Burnett
W_Account.43,W_Contact.43,Cody Nguyen
W_Account.44,W_Contact.44,Derek Golden
W_Account.45,W_Contact.45,Jack Dyer
W_Account.46,W_Contact.46,Scott Reyes
W_Account.47,W_Contact.47,Katherine West
W_Account.48,W_Contact.48,William Allen
W_Account.49,W_Contact.49,John Williams
W_Account.50,W_Contact.50,Sarah Garrett
W_Account.51,W_Contact.51,Shannon Sullivan
W_Account.52,W_Contact.52,Michael Davis
W_Account.53,W_Contact.53,David Simpson
W_Account.54,W_Contact.54,Michael Wilson
W_Account.55,W_Contact.55,James Anderson
W_Account.56,W_Contact.56,Daniel Cruz
W_Account.57,W_Contact.57,Alexis Perez
W_Account.58,W_Contact.58,Brian Nixon
W_Account.59,W_Contact.59,Mary Wilson
W_Account.60,W_Contact.60,Steven Mills
W_Account.61,W_Contact.61,Kayla Harris
W_Account.62,W_Contact.62,Ashley Stokes
W_Account.63,W_Contact.63,Sara Lopez
W_Account.64,W_Contact.64,Julie Ruiz
W_Account.65,W_Contact.65,Andrea Stanton
W_Account.66,W_Contact.66,Brandon Cummings
W_Account.67,W_Contact.67,Anna Lamb
W_Account.68,W_Contact.68,Amy Hernandez
W_Account.69,W_Contact.69,Kelly Barker
W_Account.70,W_Contact.70,Justin Acosta
W_Account.71,W_Contact.71,Tyler Cruz
W_Account.72,W_Contact.72,Clayton Mcgee
W_Account.73,W_Contact.73,Edward Wolfe
W_Account.74,W_Contact.74,Heather Villanueva
W_Account.75,W_Contact.75,Robert Roberts
W_Account.76,W_Contact.76,John Johns
W_Account.77,W_Contact.77,Michael Pratt
W_Account.78,W_Contact.78,John Davis
W_Account.79,W_Contact.79,Michael Williams
W_Account.80,W_Contact.80,Charles Brooks
W_Account.81,W_Contact.81,Julia Moran
W_Account.82,W_Contact.82,Scott Johnson
W_Account.83,W_Contact.83,Alicia Murray
W_Account.84,W_Contact.84,Claudia Burgess
W_Account.85,W_Contact.85,Jessica Meza
W_Account.86,W_Contact.86,Joshua Rice
W_Account.87,W_Contact.87,Mary Hamilton
W_Account.88,W_Contact.88,Thomas Lindsey
W_Account.89,W_Contact.89,Denise Keller
W_Account.90,W_Contact.90,Heather Nelson
W_Account.91,W_Contact.91,Sarah Smith
W_Account.92,W_Contact.92,Lauren Rodriguez
W_Account.93,W_Contact.93,Andrew Sheppard
W_Account.94,W_Contact.94,Robert Alexander
W_Account.95,W_Contact.95,Gabrielle Johnson
W_Account.96,W_Contact.96,Sonia Miller
W_Account.97,W_Contact.97,Stephanie Hudson
W_Account.98,W_Contact.98,Alexander Mcpherson
W_Account.99,W_Contact.99,Zachary Palmer
W_Account.100,W_Contact.100,Nicholas Carpenter
W_Account.101,W_Contact.101,Nancy Frazier
W_Account.102,W_Contact.102,Brandon Moore
W_Account.103,W_Contact.103,Lori Odom
W_Account.104,W_Contact.104,Dennis Wilson
W_Account.105,W_Contact.105,Joshua Huang
W_Account.106,W_Contact.106,Janet Young
W_Account.107,W_Contact.107,Lori Baker
W_Account.108,W_Contact.108,Brittany Long
W_Account.109,W_Contact.109,Shawn Castaneda
W_Account.110,W_Contact.110,Bruce Cameron
W_Account.111,W_Contact.111,Gabriela Jefferson
W_Account.112,W_Contact.112,Kara Dean
W_Account.113,W_Contact.113,Andrea Gomez
W_Account.114,W_Contact.114,Joseph Perez
W_Account.115,W_Contact.115,Keith Mann
W_Account.116,W_Contact.116,Margaret Walker
W_Account.117,W_Contact.117,Jessica Harris
W_Account.118,W_Contact.118,Mary Davidson
W_Account.119,W_Contact.119,Brittney Rodriguez
W_Account.120,W_Contact.120,William Kelley
W_Account.121,W_Contact.121,Nancy Griffin
W_Account.122,W_Contact.122,Holly Wright
W_Account.123,W_Contact.123,Jesus Smith
W_Account.124,W_Contact.124,Allison Huff
W_Account.125,W_Contact.125,Denise Hunt
W_Account.126,W_Contact.126,Charlotte Bell
W_Account.127,W_Contact.127,Margaret Black
W_Account.128,W_Contact.128,Daniel Buckley
W_Account.129,W_Contact.129,Eric Graham
W_Account.130,W_Contact.130,Jacob Harrington
W_Account.131,W_Contact.131,Carl King
W_Account.132,W_Contact.132,John Hall
W_Account.133,W_Contact.133,Kathleen Waters
W_Account.134,W_Contact.134,Janet Bryant
W_Account.135,W_Contact.135,Ariel Ramirez
W_Account.136,W_Contact.136,Brian Thompson
W_Account.137,W_Contact.137,Teresa Owen
W_Account.138,W_Contact.138,Tyrone Smith
W_Account.139,W_Contact.139,John Edwards
W_Account.140,W_Contact.140,Vanessa Garcia
W_Account.141,W_Contact.141,James Phillips
W_Account.142,W_Contact.142,Tyler Chavez
W_Account.143,W_Contact.143,Robert Coleman
W_Account.144,W_Contact.144,Glen Armstrong
W_Account.145,W_Contact.145,Kristen Wang
W_Account.146,W_Contact.146,Natalie Fischer
W_Account.147,W_Contact.147,Kristen Diaz
W_Account.148,W_Contact.148,Crystal Johnson
W_Account.149,W_Contact.149,Robert Alvarado
W_Account.150,W_Contact.150,Christopher Lewis
W_Account.151,W_Contact.151,James Murphy
W_Account.152,W_Contact.152,Jonathan Johnson
W_Account.153,W_Contact.153,Jennifer Brown
W_Account.154,W_Contact.154,Don Brock
W_Account.155,W_Contact.155,Brianna Browning
W_Account.156,W_Contact.156,Isabel Perez
W_Account.157,W_Contact.157,Craig Jimenez
W_Account.158,W_Contact.158,Tony Jarvis
W_Account.159,W_Contact.159,Christopher French
W_Account.160,W_Contact.160,Julie Whitehead
W_Account.161,W_Contact.161,Pamela Morris
W_Account.162,W_Contact.162,Miranda Cooper
W_Account.163,W_Contact.163,Nicole Rosales
W_Account.164,W_Contact.164,Thomas Williams
W_Account.165,W_Contact.165,Ashlee Saunders
W_Account.166,W_Contact.166,Donna Greer
W_Account.167,W_Contact.167,Anthony Cook
W_Account.168,W_Contact.168,Sonia Wolfe
W_Account.169,W_Contact.169,David Hernandez
W_Account.170,W_Contact.170,Richard Williams
W_Account.171,W_Contact.171,Tammy Smith
W_Account.172,W_Contact.172,Lauren Gay
W_Account.173,W_Contact.173,Anthony Barron
W_Account.174,W_Contact.174,Matthew Ryan
W_Account.175,W_Contact.175,Mark Rodriguez
W_Account.176,W_Contact.176,Cheryl Jenkins
W_Account.177,W_Contact.177,Rebecca Harvey
W_Account.178,W_Contact.178,Lee Glenn
W_Account.179,W_Contact.179,Alexander Hernandez
W_Account.180,W_Contact.180,Timothy Massey
W_Account.181,W_Contact.181,Barry Mathis
W_Account.182,W_Contact.182,Maria Cortez
W_Account.183,W_Contact.183,Deanna Pacheco
W_Account.184,W_Contact.184,Caleb Williams
W_Account.185,W_Contact.185,Tonya Taylor
W_Account.186,W_Contact.186,Sydney Smith
W_Account.187,W_Contact.187,Catherine Ford
W_Account.188,W_Contact.188,Gabriel Martin
W_Account.189,W_Contact.189,Kevin Morgan
W_Account.190,W_Contact.190,Donald Peterson
W_Account.191,W_Contact.191,Donald Merritt
W_Account.192,W_Contact.192,Holly Brown
W_Account.193,W_Contact.193,Frederick Cobb
W_Account.194,W_Contact.194,Charles Rose
W_Account.195,W_Contact.195,Diane Smith
W_Account.196,W_Contact.196,Brian Tyler
W_Account.197,W_Contact.197,Laurie Taylor
W_Account.198,W_Contact.198,Sara Alvarez
W_Account.199,W_Contact.199,Anthony Carroll
W_Account.200,W_Contact.200,Ashley Brooks
W_Account.201,W_Contact.201,Austin Johnson
W_Account.202,W_Contact.202,Brian Stark
W_Account.203,W_Contact.203,Tammy Oconnell
W_Account.204,W_Contact.204,April Johnson
W_Account.205,W_Contact.205,Jeremy King
W_Account.206,W_Contact.206,Dawn Dalton
W_Account.207,W_Contact.207,Phillip Sullivan
W_Account.208,W_Contact.208,Lisa Nelson
W_Account.209,W_Contact.209,David Mcconnell
W_Account.210,W_Contact.210,Jeff Green
W_Account.211,W_Contact.211,Jean Christensen
W_Account.212,W_Contact.212,Rebecca Chavez
W_Account.213,W_Contact.213,Amanda Mendez
W_Account.214,W_Contact.214,Jessica Johnston
W_Account.215,W_Contact.215,Jessica Greene
W_Account.216,W_Contact.216,Vanessa Duncan
W_Account.217,W_Contact.217,Nicholas Young
W_Account.218,W_Contact.218,Elizabeth Gray
W_Account.219,W_Contact.219,Christopher Lowe
W_Account.220,W_Contact.220,Kayla Kennedy
W_Account.221,W_Contact.221,Brandon Bryan
W_Account.222,W_Contact.222,Robert Rodriguez
W_Account.223,W_Contact.223,Matthew Beck
W_Account.224,W_Contact.224,Margaret Hess
W_Account.225,W_Contact.225,Brenda Carr
W_Account.226,W_Contact.226,Christopher Porter
W_Account.227,W_Contact.227,Gina Blair
W_Account.228,W_Contact.228,Matthew Wade
W_Account.229,W_Contact.229,Tammy Escobar
W_Account.230,W_Contact.230,Michael Smith
W_Account.231,W_Contact.231,Nicole Leonard
W_Account.232,W_Contact.232,Edward Davis
W_Account.233,W_Contact.233,Jennifer Howard
W_Account.234,W_Contact.234,Maria Oconnor
W_Account.235,W_Contact.235,Jennifer Phillips
W_Account.236,W_Contact.236,Leah Coffey
W_Account.237,W_Contact.237,Anthony Cook
W_Account.238,W_Contact.238,Logan Rojas
W_Account.239,W_Contact.239,Katherine Lopez
W_Account.240,W_Contact.240,Aaron Stone
W_Account.241,W_Contact.241,Sierra Allen
W_Account.242,W_Contact.242,Joseph Berry
W_Account.243,W_Contact.243,Jennifer Fisher
W_Account.244,W_Contact.244,Julie Lang
W_Account.245,W_Contact.245,Ralph Thompson
W_Account.246,W_Contact.246,Karen Macias
W_Account.247,W_Contact.247,Shawn Mcdowell
W_Account.248,W_Contact.248,Michele Roman
W_Account.249,W_Contact.249,Traci Thomas
W_Account.250,W_Contact.250,John Conner
W_Account.251,W_Contact.251,Gina Villarreal
W_Account.252,W_Contact.252,Allison Williams
W_Account.253,W_Contact.253,Katie Fox
W_Account.254,W_Contact.254,Veronica Vance
W_Account.255,W_Contact.255,Justin Moore
W_Account.256,W_Contact.256,Rachel Baker
W_Account.257,W_Contact.257,Ashley Pena
W_Account.258,W_Contact.258,Adam Cole
W_Account.259,W_Contact.259,Mary Diaz
W_Account.260,W_Contact.260,Marc Hester
W_Account.261,W_Contact.261,Lucas Sims
W_Account.262,W_Contact.262,Christopher Reid
W_Account.263,W_Contact.263,James Hodges
W_Account.264,W_Contact.264,David Rich
W_Account.265,W_Contact.265,Richard Schneider
W_Account.266,W_Contact.266,Rodney Carlson
W_Account.267,W_Contact.267,Daniel Rosario
W_Account.268,W_Contact.268,Donald Fox
W_Account.269,W_Contact.269,Jacqueline Davis
W_Account.270,W_Contact.270,Carrie Pham
W_Account.271,W_Contact.271,Eric Hernandez
W_Account.272,W_Contact.272,Joshua Lawson
W_Account.273,W_Contact.273,Jonathan Austin
W_Account.274,W_Contact.274,Daniel Friedman
W_Account.275,W_Contact.275,Meghan Miller
W_Account.276,W_Contact.276,Katherine Calderon
W_Account.277,W_Contact.277,Monica Wilson
W_Account.278,W_Contact.278,Angel Stewart
W_Account.279,W_Contact.279,Justin Roman
W_Account.280,W_Contact.280,David Carroll
W_Account.281,W_Contact.281,Kenneth Chandler
W_Account.282,W_Contact.282,Karen Smith
W_Account.283,W_Contact.283,Brenda Taylor
W_Account.284,W_Contact.284,Brandon Jones
W_Account.285,W_Contact.285,Debra Klein
W_Account.286,W_Contact.286,William Navarro
W_Account.287,W_Contact.287,Sean Blair
W_Account.288,W_Contact.288,Teresa Flores
W_Account.289,W_Contact.289,Austin Russell
W_Account.290,W_Contact.290,Lisa Smith
W_Account.291,W_Contact.291,Michael Pineda
W_Account.292,W_Contact.292,Aaron Williamson
W_Account.293,W_Contact.293,Morgan Smith
W_Account.294,W_Contact.294,Karen Tate
W_Account.295,W_Contact.295,Angela Miranda
W_Account.296,W_Contact.296,David Johnson
W_Account.297,W_Contact.297,William Howard
W_Account.298,W_Contact.298,Christopher Long
W_Account.299,W_Contact.299,Brittany Dean
W_Account.300,W_Contact.300,Keith Thomas
W_Account.301,W_Contact.301,Andrew Wilson
W_Account.302,W_Contact.302,Timothy Lucas
W_Account.303,W_Contact.303,Brian Contreras
W_Account.304,W_Contact.304,Michael Campos
W_Account.305,W_Contact.305,Theresa Woods
W_Account.306,W_Contact.306,Albert Crawford
W_Account.307,W_Contact.307,Phillip Wilson
W_Account.308,W_Contact.308,Shannon Smith
W_Account.309,W_Contact.309,Alan Lowery
W_Account.310,W_Contact.310,Ariana Bryan
W_Account.311,W_Contact.311,Dylan Miller
W_Account.312,W_Contact.312,Travis Carson
W_Account.313,W_Contact.313,Julie Owens
W_Account.314,W_Contact.314,Michael Vargas
W_Account.315,W_Contact.315,Seth Tran
W_Account.316,W_Contact.316,Aaron Perez
W_Account.317,W_Contact.317,Susan Rosales
W_Account.318,W_Contact.318,Michelle Dorsey
W_Account.319,W_Contact.319,Matthew Salazar
W_Account.320,W_Contact.320,Joseph Fuentes
W_Account.321,W_Contact.321,Gabrielle Olsen
W_Account.322,W_Contact.322,Brittany Crawford
W_Account.323,W_Contact.323,Alan Harvey
W_Account.324,W_Contact.324,Brett Flores
W_Account.325,W_Contact.325,James Drake
W_Account.326,W_Contact.326,Antonio Nielsen
W_Account.327,W_Contact.327,Roy Rodriguez
W_Account.328,W_Contact.328,Samantha Gonzales
W_Account.329,W_Contact.329,Lisa Bailey
W_Account.330,W_Contact.330,Laura Sosa
W_Account.331,W_Contact.331,Debra Riggs
W_Account.332,W_Contact.332,Travis Williams
W_Account.333,W_Contact.333,Adrienne White
W_Account.334,W_Contact.334,John Obrien
W_Account.335,W_Contact.335,Kevin Harrison
W_Account.336,W_Contact.336,Gregory Shepherd
W_Account.337,W_Contact.337,Catherine Brown
W_Account.338,W_Contact.338,Tanner Finley
W_Account.339,W_Contact.339,Susan Lopez
W_Account.340,W_Contact.340,Kaitlyn Allen
W_Account.341,W_Contact.341,Michael Castillo
W_Account.342,W_Contact.342,Karina Williams
W_Account.343,W_Contact.343,Jessica Morales
W_Account.344,W_Contact.344,Rebecca Baker
W_Account.345,W_Contact.345,Cassidy Cameron
W_Account.346,W_Contact.346,Jessica Hernandez
W_Account.347,W_Contact.347,Heather Hall
W_Account.348,W_Contact.348,Joshua Williams
W_Account.349,W_Contact.349,Bridget Turner
W_Account.350,W_Contact.350,Elizabeth Carlson
W_Account.351,W_Contact.351,Spencer Bradford
W_Account.352,W_Contact.352,Rebecca Diaz
W_Account.353,W_Contact.353,Dean Pace
W_Account.354,W_Contact.354,Anna Taylor
W_Account.355,W_Contact.355,Rhonda Espinoza
W_Account.356,W_Contact.356,Michael Prince
W_Account.357,W_Contact.357,Anna Robinson
W_Account.358,W_Contact.358,Samuel Shah
W_Account.359,W_Contact.359,Shannon Frost
W_Account.360,W_Contact.360,Denise Johnson
W_Account.361,W_Contact.361,Kaitlyn Levine
W_Account.362,W_Contact.362,Darlene Stephens
W_Account.363,W_Contact.363,Lisa Ingram
W_Account.364,W_Contact.364,Mark Peters
W_Account.365,W_Contact.365,Anthony Henry
W_Account.366,W_Contact.366,James Anderson
W_Account.367,W_Contact.367,Micheal Whitney
W_Account.368,W_Contact.368,Jared Schmidt
W_Account.369,W_Contact.369,Carlos Jones
W_Account.370,W_Contact.370,Robert Perkins
W_Account.371,W_Contact.371,Jacob Graves
W_Account.372,W_Contact.372,Matthew Frye
W_Account.373,W_Contact.373,Kelli Henry
W_Account.374,W_Contact.374,Janice Owen
W_Account.375,W_Contact.375,Karen Ramirez
W_Account.376,W_Contact.376,Gary Byrd
W_Account.377,W_Contact.377,Connie Wilkinson
W_Account.378,W_Contact.378,Lisa Gordon
W_Account.379,W_Contact.379,Jacob Ortega
W_Account.380,W_Contact.380,Gregory Martin
W_Account.381,W_Contact.381,Amanda Grant
W_Account.382,W_Contact.382,Chase Le
W_Account.383,W_Contact.383,Javier Adams
W_Account.384,W_Contact.384,Collin Robinson
W_Account.385,W_Contact.385,Samantha Woods
W_Account.386,W_Contact.386,Edward Lane
W_Account.387,W_Contact.387,Drew Scott
W_Account.388,W_Contact.388,Stacy Johnson
W_Account.389,W_Contact.389,Courtney Hernandez
W_Account.390,W_Contact.390,Kimberly Campbell
W_Account.391,W_Contact.391,Derek Hernandez
W_Account.392,W_Contact.392,Linda Yates
W_Account.393,W_Contact.393,Susan Murphy
W_Account.394,W_Contact.394,Cheyenne Wilson
W_Account.395,W_Contact.395,Robert Hernandez
W_Account.396,W_Contact.396,Gabrielle Black
W_Account.397,W_Contact.397,Cristina Mendoza
W_Account.398,W_Contact.398,Bobby Phillips
W_Account.399,W_Contact.399,Reginald Lee
W_Account.400,W_Contact.400,Bryan Burns
W_Account.401,W_Contact.401,Natalie Mendez
W_Account.402,W_Contact.402,Michelle Brooks
W_Account.403,W_Contact.403,Robert Young
W_Account.404,W_Contact.404,Paula Harris
W_Account.405,W_Contact.405,Darryl Ballard
W_Account.406,W_Contact.406,Adam Price
W_Account.407,W_Contact.407,Danny Watkins
W_Account.408,W_Contact.408,Denise Phillips
W_Account.409,W_Contact.409,Jennifer Stokes
W_Account.410,W_Contact.410,Kirk Gonzalez
W_Account.411,W_Contact.411,Kenneth Jensen
W_Account.412,W_Contact.412,Emily Marshall
W_Account.413,W_Contact.413,Isaiah Ellis
W_Account.414,W_Contact.414,Robert Becker
W_Account.415,W_Contact.415,Lee Pierce
W_Account.416,W_Contact.416,Jeffrey Allen
W_Account.417,W_Contact.417,Jesus Frazier
W_Account.418,W_Contact.418,Holly Collins
W_Account.419,W_Contact.419,Susan Smith
W_Account.420,W_Contact.420,Kristen Holt
W_Account.421,W_Contact.421,Nancy Hernandez
W_Account.422,W_Contact.422,Melissa Byrd
W_Account.423,W_Contact.423,Kevin Elliott
W_Account.424,W_Contact.424,Antonio Casey
W_Account.425,W_Contact.425,Edward Garcia
W_Account.426,W_Contact.426,Thomas Bright
W_Account.427,W_Contact.427,John Casey
W_Account.428,W_Contact.428,Gary Williams
W_Account.429,W_Contact.429,Andrew Collins
W_Account.430,W_Contact.430,Molly Bell
W_Account.431,W_Contact.431,Frank Aguirre
W_Account.432,W_Contact.432,Cynthia Miller
W_Account.433,W_Contact.433,Lisa Chase
W_Account.434,W_Contact.434,Andrea Friedman
W_Account.435,W_Contact.435,Jake Gomez
W_Account.436,W_Contact.436,Chris King
W_Account.437,W_Contact.437,Sean Anderson
W_Account.438,W_Contact.438,Rachel Garcia
W_Account.439,W_Contact.439,Yolanda Lowe
W_Account.440,W_Contact.440,Ashley Case
W_Account.441,W_Contact.441,Louis Barnes
W_Account.442,W_Contact.442,Stephanie Martinez
W_Account.443,W_Contact.443,Virginia Santos
W_Account.444,W_Contact.444,Sarah Olson
W_Account.445,W_Contact.445,Chase Scott
W_Account.446,W_Contact.446,Kathryn Rivera
W_Account.447,W_Contact.447,Megan Cameron
W_Account.448,W_Contact.448,Matthew Barker
W_Account.449,W_Contact.449,Carlos Brown
W_Account.450,W_Contact.450,Charlotte Young
W_Account.451,W_Contact.451,Aaron Jones
W_Account.452,W_Contact.452,Justin Mathis
W_Account.453,W_Contact.453,Ashley Hill
W_Account.454,W_Contact.454,Thomas Hurley
W_Account.455,W_Contact.455,Charles Leon
W_Account.456,W_Contact.456,Jeremy Tapia
W_Account.457,W_Contact.457,Juan Gregory
W_Account.458,W_Contact.458,Nicole Rubio
W_Account.459,W_Contact.459,Heather Knight
W_Account.460,W_Contact.460,Brandi Joseph
W_Account.461,W_Contact.461,Anthony Hernandez
W_Account.462,W_Contact.462,Angelica Kennedy
W_Account.463,W_Contact.463,Deborah Crawford
W_Account.464,W_Contact.464,Kyle Cuevas
W_Account.465,W_Contact.465,Daniel Jones
W_Account.466,W_Contact.466,Kevin Hernandez
W_Account.467,W_Contact.467,Mark Lynn
W_Account.468,W_Contact.468,Abigail Williams
W_Account.469,W_Contact.469,Tammy Figueroa
W_Account.470,W_Contact.470,Ronald Serrano
W_Account.471,W_Contact.471,Thomas Smith
W_Account.472,W_Contact.472,Cameron Wheeler
W_Account.473,W_Contact.473,Emily Lopez
W_Account.474,W_Contact.474,Claire Santos
W_Account.475,W_Contact.475,Kelsey Taylor
W_Account.476,W_Contact.476,Joshua Jackson
W_Account.477,W_Contact.477,Craig Rocha
W_Account.478,W_Contact.478,Lori Fitzgerald
W_Account.479,W_Contact.479,Margaret Edwards
W_Account.480,W_Contact.480,Adrian Brown
W_Account.481,W_Contact.481,Christopher Ho
W_Account.482,W_Contact.482,Jessica Johnson
W_Account.483,W_Contact.483,Seth George
W_Account.484,W_Contact.484,Shannon Chapman
W_Account.485,W_Contact.485,Amber Montgomery
W_Account.486,W_Contact.486,Joseph Howe
W_Account.487,W_Contact.487,Damon White
W_Account.488,W_Contact.488,Eric Sosa
W_Account.489,W_Contact.489,Ronald Morrison
W_Account.490,W_Contact.490,Jenna Houston
W_Account.491,W_Contact.491,Michael Shaw
W_Account.492,W_Contact.492,Maria Velasquez
W_Account.493,W_Contact.493,Daniel Rodriguez
W_Account.494,W_Contact.494,Max Jimenez
W_Account.495,W_Contact.495,Troy Barrera
W_Account.496,W_Contact.496,Jacob Dixon
W_Account.497,W_Contact.497,Michelle Foster
W_Account.498,W_Contact.498,Tina Collins
W_Account.499,W_Contact.499,Frederick Kerr
W_Account.500,W_Contact.500,Trevor Ross
W_Account.501,W_Contact.501,Felicia Perez
W_Account.502,W_Contact.502,Wendy Robertson
W_Account.503,W_Contact.503,Lisa Lopez
W_Account.504,W_Contact.504,Matthew Shelton
W_Account.505,W_Contact.505,Nicholas Rivera
W_Account.506,W_Contact.506,Jenna Nelson
W_Account.507,W_Contact.507,Elizabeth Smith
W_Account.508,W_Contact.508,Paul Powers
W_Account.509,W_Contact.509,Geoffrey Moon
W_Account.510,W_Contact.510,Anna Chapman
W_Account.511,W_Contact.511,Ryan Lawson
W_Account.512,W_Contact.512,Angela Acosta
W_Account.513,W_Contact.513,Douglas Velasquez
W_Account.514,W_Contact.514,David Barker
W_Account.515,W_Contact.515,Tiffany Coleman
W_Account.516,W_Contact.516,Daniel Walsh
W_Account.517,W_Contact.517,Brandon Schaefer
W_Account.518,W_Contact.518,Jason Butler
W_Account.519,W_Contact.519,Andrew Holloway
W_Account.520,W_Contact.520,Alvin Gibson
W_Account.521,W_Contact.521,Kristen Daniels
W_Account.522,W_Contact.522,Ross Macias
W_Account.523,W_Contact.523,Marc Raymond
W_Account.524,W_Contact.524,Daniel Cruz
W_Account.525,W_Contact.525,Johnathan Li
W_Account.526,W_Contact.526,David Mendez
W_Account.527,W_Contact.527,Kathleen Bolton
W_Account.528,W_Contact.528,Ruth Tran
W_Account.529,W_Contact.529,Thomas Davis
W_Account.530,W_Contact.530,Jamie Shepherd
W_Account.531,W_Contact.531,Steve Cunningham
W_Account.532,W_Contact.532,David Hughes
W_Account.533,W_Contact.533,Andrew Orr
W_Account.534,W_Contact.534,Zachary Munoz
W_Account.535,W_Contact.535,Anna Torres
W_Account.536,W_Contact.536,Lawrence Dorsey
W_Account.537,W_Contact.537,Shawn Khan
W_Account.538,W_Contact.538,Heather Cohen
W_Account.539,W_Contact.539,Michele Wallace
W_Account.540,W_Contact.540,Michael Hanson
W_Account.541,W_Contact.541,Samuel Dixon
W_Account.542,W_Contact.542,Adam Green
W_Account.543,W_Contact.543,Raymond Parker
W_Account.544,W_Contact.544,Jose Williams
W_Account.545,W_Contact.545,Robert Thompson
W_Account.546,W_Contact.546,Victoria Hawkins
W_Account.547,W_Contact.547,Brittany Holmes
W_Account.548,W_Contact.548,Diana Ford
W_Account.549,W_Contact.549,John Gray
W_Account.550,W_Contact.550,Eric Brown
W_Account.551,W_Contact.551,Austin Jenkins
W_Account.552,W_Contact.552,Dana Tucker
W_Account.553,W_Contact.553,Philip Erickson
W_Account.554,W_Contact.554,Ivan Moran
W_Account.555,W_Contact.555,Michelle Barnes
W_Account.556,W_Contact.556,Sherry Hurley
W_Account.557,W_Contact.557,Audrey Clayton
W_Account.558,W_Contact.558,Karen George
W_Account.559,W_Contact.559,Daniel Wilson
W_Account.560,W_Contact.560,Randy Gardner
W_Account.561,W_Contact.561,Kristina Velez
W_Account.562,W_Contact.562,Cindy Phillips
W_Account.563,W_Contact.563,Carolyn Hines
W_Account.564,W_Contact.564,William Williams
W_Account.565,W_Contact.565,Michael Wheeler
W_Account.566,W_Contact.566,Meredith Wilson
W_Account.567,W_Contact.567,Lacey Cruz
W_Account.568,W_Contact.568,Robert Beck
W_Account.569,W_Contact.569,Albert Harris
W_Account.570,W_Contact.570,Andrew Garza
W_Account.571,W_Contact.571,Gloria Hunter
W_Account.572,W_Contact.572,Calvin Stevens
W_Account.573,W_Contact.573,Eric Jackson
W_Account.574,W_Contact.574,Debra Mcgee
W_Account.575,W_Contact.575,Rebecca Harris
W_Account.576,W_Contact.576,Amy Velasquez
W_Account.577,W_Contact.577,Miranda Potts
W_Account.578,W_Contact.578,Rebecca Miller
W_Account.579,W_Contact.579,Barry Allen
W_Account.580,W_Contact.580,Sandra Williams
W_Account.581,W_Contact.581,Alexander Harris
W_Account.582,W_Contact.582,Alicia Brown
W_Account.583,W_Contact.583,Micheal Arnold
W_Account.584,W_Contact.584,Dale Lee
W_Account.585,W_Contact.585,Jacqueline Reynolds
W_Account.586,W_Contact.586,Jacob Marshall
W_Account.587,W_Contact.587,Bradley Bush
W_Account.588,W_Contact.588,Melissa Lamb
W_Account.589,W_Contact.589,Dana Alvarez
W_Account.590,W_Contact.590,Kyle Wright
W_Account.591,W_Contact.591,Karen Richardson
W_Account.592,W_Contact.592,Mark Landry
W_Account.593,W_Contact.593,David Brennan
W_Account.594,W_Contact.594,Michelle Mccarthy
W_Account.595,W_Contact.595,Matthew Harris
W_Account.596,W_Contact.596,Richard Decker
W_Account.597,W_Contact.597,Jennifer Burgess
W_Account.598,W_Contact.598,Jennifer Hall
W_Account.599,W_Contact.599,Patricia Mclean
W_Account.600,W_Contact.600,Melanie Bowers
W_Account.601,W_Contact.601,Molly Summers
W_Account.602,W_Contact.602,Robyn Silva
W_Account.603,W_Contact.603,Maria Livingston
W_Account.604,W_Contact.604,Sean Harper
W_Account.605,W_Contact.605,Kimberly Castro
W_Account.606,W_Contact.606,Tonya Diaz
W_Account.607,W_Contact.607,John Williams
W_Account.608,W_Contact.608,Brandy Liu
W_Account.609,W_Contact.609,Lance Bates
W_Account.610,W_Contact.610,Jennifer Pruitt
W_Account.611,W_Contact.611,Jeanne Reed
W_Account.612,W_Contact.612,Erik Frost
W_Account.613,W_Contact.613,Brenda Garrison
W_Account.614,W_Contact.614,Brandon Oliver
W_Account.615,W_Contact.615,Richard Porter
W_Account.616,W_Contact.616,Kristen Williams
W_Account.617,W_Contact.617,Lynn Campbell
W_Account.618,W_Contact.618,Christopher Campos
W_Account.619,W_Contact.619,Kimberly King
W_Account.620,W_Contact.620,Andrew Colon
W_Account.621,W_Contact.621,Latoya Klein
W_Account.622,W_Contact.622,Destiny Jackson
W_Account.623,W_Contact.623,Ashley Harris
W_Account.624,W_Contact.624,Erica Brown
W_Account.625,W_Contact.625,Richard White
W_Account.626,W_Contact.626,Alexandria Colon
W_Account.627,W_Contact.627,Becky Holder
W_Account.628,W_Contact.628,Kimberly Johnson
W_Account.629,W_Contact.629,Phillip Cohen
W_Account.630,W_Contact.630,Sandra Dorsey
W_Account.631,W_Contact.631,Jennifer Hill
W_Account.632,W_Contact.632,Heather Nelson
W_Account.633,W_Contact.633,Elizabeth Cook
W_Account.634,W_Contact.634,Derrick Stephens
W_Account.635,W_Contact.635,Kristen Sullivan
W_Account.636,W_Contact.636,Mark Gardner
W_Account.637,W_Contact.637,Karen Moss
W_Account.638,W_Contact.638,Shelia Murphy
W_Account.639,W_Contact.639,Lucas Torres
W_Account.640,W_Contact.640,Megan Mendoza
W_Account.641,W_Contact.641,Christine Evans
W_Account.642,W_Contact.642,Troy Washington
W_Account.643,W_Contact.643,Victoria Davis
W_Account.644,W_Contact.644,Rick Lopez
W_Account.645,W_Contact.645,Randy Douglas
W_Account.646,W_Contact.646,Matthew Cortez
W_Account.647,W_Contact.647,Anne Johnston
W_Account.648,W_Contact.648,Elizabeth Martin
W_Account.649,W_Contact.649,Daniel Compton
W_Account.650,W_Contact.650,Kristy Thompson
W_Account.651,W_Contact.651,Katie Harper
W_Account.652,W_Contact.652,Jacqueline White
W_Account.653,W_Contact.653,Whitney Harris
W_Account.654,W_Contact.654,Briana Bullock
W_Account.655,W_Contact.655,Mathew Padilla
W_Account.656,W_Contact.656,James Ramirez
W_Account.657,W_Contact.657,Gerald Brown
W_Account.658,W_Contact.658,Melissa Chase
W_Account.659,W_Contact.659,Diana Brown
W_Account.660,W_Contact.660,John Hamilton
W_Account.661,W_Contact.661,Phillip Taylor
W_Account.662,W_Contact.662,Courtney Salinas
W_Account.663,W_Contact.663,Jessica Miller
W_Account.664,W_Contact.664,Victoria Salazar
W_Account.665,W_Contact.665,Nicole Guzman
W_Account.666,W_Contact.666,Anthony Miller
W_Account.667,W_Contact.667,Brenda Lambert
W_Account.668,W_Contact.668,William Manning
W_Account.669,W_Contact.669,David Watson
W_Account.670,W_Contact.670,Sarah Robertson
W_Account.671,W_Contact.671,Nicole Martinez
W_Account.672,W_Contact.672,Jeffrey Brown
W_Account.673,W_Contact.673,Peter Massey
W_Account.674,W_Contact.674,Michael Jenkins
W_Account.675,W_Contact.675,Kathleen Baker
W_Account.676,W_Contact.676,Mark Alvarado
W_Account.677,W_Contact.677,Shannon Lewis
W_Account.678,W_Contact.678,Kristina Hunt
W_Account.679,W_Contact.679,Jamie Fletcher
W_Account.680,W_Contact.680,Laura Davis
W_Account.681,W_Contact.681,Madeline Williams
W_Account.682,W_Contact.682,Adrian Page
W_Account.683,W_Contact.683,Katie Black
W_Account.684,W_Contact.684,Matthew Alexander
W_Account.685,W_Contact.685,Jeffrey Kim
W_Account.686,W_Contact.686,Harold Becker
W_Account.687,W_Contact.687,Jessica Greene
W_Account.688,W_Contact.688,Jessica Parker
W_Account.689,W_Contact.689,Anthony Watson
W_Account.690,W_Contact.690,Rebecca Conley
W_Account.691,W_Contact.691,Jasmine Calhoun
W_Account.692,W_Contact.692,Carl Wilson
W_Account.693,W_Contact.693,Michelle Medina
W_Account.694,W_Contact.694,Alejandro Farley
W_Account.695,W_Contact.695,Brian Thompson
W_Account.696,W_Contact.696,Ryan Alvarez
W_Account.697,W_Contact.697,Melanie Woods
W_Account.698,W_Contact.698,Robert Rivera
W_Account.699,W_Contact.699,Jerry Smith
W_Account.700,W_Contact.700,Diana Walters
W_Account.701,W_Contact.701,David Kane
W_Account.702,W_Contact.702,Rodney Watkins
W_Account.703,W_Contact.703,Heidi Williams
W_Account.704,W_Contact.704,Alexandra Lee
W_Account.705,W_Contact.705,Bruce Griffin
W_Account.706,W_Contact.706,Sarah Mathis
W_Account.707,W_Contact.707,Julie Hughes
W_Account.708,W_Contact.708,Paul Peterson
W_Account.709,W_Contact.709,Jessica Sheppard
W_Account.710,W_Contact.710,Julia Ward
W_Account.711,W_Contact.711,Yvette Nguyen
W_Account.712,W_Contact.712,Edward Davis
W_Account.713,W_Contact.713,Leslie Anderson
W_Account.714,W_Contact.714,Sarah Le
W_Account.715,W_Contact.715,Eric Pace
W_Account.716,W_Contact.716,Rodney Williams
W_Account.717,W_Contact.717,Patrick Ross
W_Account.718,W_Contact.718,Gary Bonilla
W_Account.719,W_Contact.719,Zachary Norman
W_Account.720,W_Contact.720,Gabriel Myers
W_Account.721,W_Contact.721,Trevor English
W_Account.722,W_Contact.722,Caitlyn Brewer
W_Account.723,W_Contact.723,Patricia Warren
W_Account.724,W_Contact.724,Morgan Klein
W_Account.725,W_Contact.725,Ian Donaldson
W_Account.726,W_Contact.726,Marisa Carpenter
W_Account.727,W_Contact.727,Terrance Thomas
W_Account.728,W_Contact.728,Kimberly Davis
W_Account.729,W_Contact.729,Stephen Davis
W_Account.730,W_Contact.730,Linda Davis
W_Account.731,W_Contact.731,Katie Dorsey
W_Account.732,W_Contact.732,Stephanie Miller
W_Account.733,W_Contact.733,Bruce Morris
W_Account.734,W_Contact.734,Kimberly Hanna
W_Account.735,W_Contact.735,Jessica Raymond
W_Account.736,W_Contact.736,Leah Mcdonald
W_Account.737,W_Contact.737,Justin Miller
W_Account.738,W_Contact.738,Jeffrey West
W_Account.739,W_Contact.739,Jeffrey Flynn
W_Account.740,W_Contact.740,Katie Brown
W_Account.741,W_Contact.741,David Aguilar
W_Account.742,W_Contact.742,Leonard Thomas
W_Account.743,W_Contact.743,Brian Miller
W_Account.744,W_Contact.744,Kayla Lynch
W_Account.745,W_Contact.745,Julian Foster
W_Account.746,W_Contact.746,Justin Mckinney
W_Account.747,W_Contact.747,Kathy Perez
W_Account.748,W_Contact.748,Gregory Morris
W_Account.749,W_Contact.749,Lori Moss
W_Account.750,W_Contact.750,Tammy Mcpherson
W_Account.751,W_Contact.751,Laura White
W_Account.752,W_Contact.752,Danny Phillips
W_Account.753,W_Contact.753,John Petersen
W_Account.754,W_Contact.754,Donald Kennedy
W_Account.755,W_Contact.755,Danielle Stevens
W_Account.756,W_Contact.756,Richard Jacobs
W_Account.757,W_Contact.757,Vanessa Brown
W_Account.758,W_Contact.758,Melanie Wade
W_Account.759,W_Contact.759,Craig Hall
W_Account.760,W_Contact.760,Matthew Lopez
W_Account.761,W_Contact.761,Meghan Matthews
W_Account.762,W_Contact.762,Leslie Price
W_Account.763,W_Contact.763,Lindsey Johnson
W_Account.764,W_Contact.764,Adam Patterson
W_Account.765,W_Contact.765,Lisa Stephenson
W_Account.766,W_Contact.766,Zachary Hunter
W_Account.767,W_Contact.767,Lindsay Clark
W_Account.768,W_Contact.768,Sara Ramos
W_Account.769,W_Contact.769,David Roach
W_Account.770,W_Contact.770,Catherine Newton
W_Account.771,W_Contact.771,Jennifer Long
W_Account.772,W_Contact.772,Heather Montgomery
W_Account.773,W_Contact.773,Jason Thomas
W_Account.774,W_Contact.774,Ricky Murphy
W_Account.775,W_Contact.775,Catherine Silva
W_Account.776,W_Contact.776,Tiffany Macdonald
W_Account.777,W_Contact.777,Michael Brewer
W_Account.778,W_Contact.778,Ryan King
W_Account.779,W_Contact.779,Frances Nelson
W_Account.780,W_Contact.780,Seth Stewart
W_Account.781,W_Contact.781,Kimberly Collins
W_Account.782,W_Contact.782,Richard Bennett
W_Account.783,W_Contact.783,Richard Stevens
W_Account.784,W_Contact.784,Judith Cummings
W_Account.785,W_Contact.785,Jeremy Cox
W_Account.786,W_Contact.786,Leslie Herman
W_Account.787,W_Contact.787,Derek Owen
W_Account.788,W_Contact.788,Allison Thompson
W_Account.789,W_Contact.789,Brenda Howard
W_Account.790,W_Contact.790,Joshua Valdez
W_Account.791,W_Contact.791,Karina Oconnor
W_Account.792,W_Contact.792,Holly Simmons
W_Account.793,W_Contact.793,Jeff Velasquez
W_Account.794,W_Contact.794,John Adams
W_Account.795,W_Contact.795,Joseph Yoder
W_Account.796,W_Contact.796,Anna Jimenez
W_Account.797,W_Contact.797,Tyler Hernandez
W_Account.798,W_Contact.798,Frank Johns
W_Account.799,W_Contact.799,Martha Fox
W_Account.800,W_Contact.800,Jose Bautista
W_Account.801,W_Contact.801,Ian Carter
W_Account.802,W_Contact.802,Jessica Moore
W_Account.803,W_Contact.803,John Hammond
W_Account.804,W_Contact.804,Kiara Olsen
W_Account.805,W_Contact.805,Frederick Navarro
W_Account.806,W_Contact.806,Brent Harris
W_Account.807,W_Contact.807,Mary Williams
W_Account.808,W_Contact.808,Carla Cross
W_Account.809,W_Contact.809,Mary Gordon
W_Account.810,W_Contact.810,William Sharp
W_Account.811,W_Contact.811,Anthony Ingram
W_Account.812,W_Contact.812,Donna Young
W_Account.813,W_Contact.813,Ricky Osborn
W_Account.814,W_Contact.814,Alexis Lewis
W_Account.815,W_Contact.815,Margaret Woods
W_Account.816,W_Contact.816,Elizabeth Owens
W_Account.817,W_Contact.817,Jennifer Rodriguez
W_Account.818,W_Contact.818,Karen Thomas
W_Account.819,W_Contact.819,Craig Hudson
W_Account.820,W_Contact.820,Christopher Mills
W_Account.821,W_Contact.821,Amber Henry
W_Account.822,W_Contact.822,Megan Murray
W_Account.823,W_Contact.823,James Silva
W_Account.824,W_Contact.824,Christine Jones
W_Account.825,W_Contact.825,Lauren Larson
W_Account.826,W_Contact.826,Timothy Mayo
W_Account.827,W_Contact.827,Rachael Gray
W_Account.828,W_Contact.828,Jessica Johnson
W_Account.829,W_Contact.829,Andrew Hodge
W_Account.830,W_Contact.830,Karen Meadows
W_Account.831,W_Contact.831,Tiffany Turner
W_Account.832,W_Contact.832,Matthew Parrish
W_Account.833,W_Contact.833,Marissa Molina
W_Account.834,W_Contact.834,Erin Herrera
W_Account.835,W_Contact.835,Felicia Flores
W_Account.836,W_Contact.836,William Powers
W_Account.837,W_Contact.837,Amber Brown
W_Account.838,W_Contact.838,Rick Kemp
W_Account.839,W_Contact.839,Edward Thornton
W_Account.840,W_Contact.840,Brittney Hughes
W_Account.841,W_Contact.841,Felicia Barton
W_Account.842,W_Contact.842,William Miller
W_Account.843,W_Contact.843,John Adams
W_Account.844,W_Contact.844,Amber Ramos
W_Account.845,W_Contact.845,Julia Castaneda
W_Account.846,W_Contact.846,Sandra Pollard
W_Account.847,W_Contact.847,Kelsey Green
W_Account.848,W_Contact.848,Joshua Nixon
W_Account.849,W_Contact.849,Christopher Copeland
W_Account.850,W_Contact.850,Ashley Peters
W_Account.851,W_Contact.851,Bradley Evans
W_Account.852,W_Contact.852,John Pierce
W_Account.853,W_Contact.853,Bethany Kelly
W_Account.854,W_Contact.854,Rebecca Turner
W_Account.855,W_Contact.855,Tina Jones
W_Account.856,W_Contact.856,Jennifer Walker
W_Account.857,W_Contact.857,Rebecca Evans
W_Account.858,W_Contact.858,Andrew Glover
W_Account.859,W_Contact.859,Aaron Smith
W_Account.860,W_Contact.860,Nancy Garcia
W_Account.861,W_Contact.861,Jill Harris
W_Account.862,W_Contact.862,Dennis Randolph
W_Account.863,W_Contact.863,Mark Cabrera
W_Account.864,W_Contact.864,Jeff Blair
W_Account.865,W_Contact.865,Latasha Johnson
W_Account.866,W_Contact.866,Faith Rodriguez
W_Account.867,W_Contact.867,Zachary Wright
W_Account.868,W_Contact.868,Brian Stone
W_Account.869,W_Contact.869,Gary Paul
W_Account.870,W_Contact.870,Nancy Sullivan
W_Account.871,W_Contact.871,Raymond Higgins
W_Account.872,W_Contact.872,Tara Wise
W_Account.873,W_Contact.873,Lisa Cantu
W_Account.874,W_Contact.874,Kathryn Berger
W_Account.875,W_Contact.875,Kelly Clark
W_Account.876,W_Contact.876,Jeffrey Walker
W_Account.877,W_Contact.877,Heather Roberts
W_Account.878,W_Contact.878,John Evans
W_Account.879,W_Contact.879,Charles Bailey
W_Account.880,W_Contact.880,Anthony Wagner
W_Account.881,W_Contact.881,Christopher Griffin
W_Account.882,W_Contact.882,David Watson
W_Account.883,W_Contact.883,Tina Klein
W_Account.884,W_Contact.884,Dawn Wagner
W_Account.885,W_Contact.885,Cheryl Lewis
W_Account.886,W_Contact.886,Olivia Freeman
W_Account.887,W_Contact.887,Dustin Sullivan
W_Account.888,W_Contact.888,Jennifer Fletcher
W_Account.889,W_Contact.889,Zachary Massey
W_Account.890,W_Contact.890,Jessica Gonzalez
W_Account.891,W_Contact.891,Melissa Jacobs
W_Account.892,W_Contact.892,Ashley Estrada
W_Account.893,W_Contact.893,Courtney Adams
W_Account.894,W_Contact.894,Nicole Berry
W_Account.895,W_Contact.895,Connie Mcdowell
W_Account.896,W_Contact.896,Savannah Skinner
W_Account.897,W_Contact.897,Nicole Anderson
W_Account.898,W_Contact.898,Jennifer Stout
W_Account.899,W_Contact.899,Cory Clark
W_Account.900,W_Contact.900,Kathleen Gilbert
W_Account.901,W_Contact.901,Carol Hudson
W_Account.902,W_Contact.902,Ana Ruiz
W_Account.903,W_Contact.903,Crystal Bowman
W_Account.904,W_Contact.904,Teresa Bradford
W_Account.905,W_Contact.905,Kimberly Malone
W_Account.906,W_Contact.906,James Hudson
W_Account.907,W_Contact.907,Anthony Smith
W_Account.908,W_Contact.908,Stephen Herrera
W_Account.909,W_Contact.909,Gabriel Brown
W_Account.910,W_Contact.910,David Young
W_Account.911,W_Contact.911,Sandra Wright
W_Account.912,W_Contact.912,Cassandra Pacheco
W_Account.913,W_Contact.913,Cynthia Garcia
W_Account.914,W_Contact.914,Brandon Spence
W_Account.915,W_Contact.915,Melissa Lee
W_Account.916,W_Contact.916,Anna Rodriguez
W_Account.917,W_Contact.917,Thomas Watson
W_Account.918,W_Contact.918,Matthew Thomas
W_Account.919,W_Contact.919,Zachary Daniels
W_Account.920,W_Contact.920,Kimberly Mccoy
W_Account.921,W_Contact.921,Charles Boyer
W_Account.922,W_Contact.922,Christopher Warner
W_Account.923,W_Contact.923,Sean Reeves
W_Account.924,W_Contact.924,Jason Fernandez
W_Account.925,W_Contact.925,Emily Krueger
W_Account.926,W_Contact.926,Stacie Walker
W_Account.927,W_Contact.927,Jennifer Reyes
W_Account.928,W_Contact.928,Erin Smith
W_Account.929,W_Contact.929,Kenneth Sanchez
W_Account.930,W_Contact.930,William Clarke
W_Account.931,W_Contact.931,Bradley Mills
W_Account.932,W_Contact.932,David Franklin
W_Account.933,W_Contact.933,Todd Lang
W_Account.934,W_Contact.934,Jacob Jones
W_Account.935,W_Contact.935,William Finley
W_Account.936,W_Contact.936,Jeffrey Choi
W_Account.937,W_Contact.937,Chad Hall
W_Account.938,W_Contact.938,Anthony Jackson
W_Account.939,W_Contact.939,Tiffany Scott
W_Account.940,W_Contact.940,Kelly Adkins
W_Account.941,W_Contact.941,Jason Morton
W_Account.942,W_Contact.942,Tommy Johnson
W_Account.943,W_Contact.943,Brian Powell
W_Account.944,W_Contact.944,James Humphrey
W_Account.945,W_Contact.945,Peter Cain
W_Account.946,W_Contact.946,Evelyn Potts
W_Account.947,W_Contact.947,Victoria Tucker
W_Account.948,W_Contact.948,Andrew Mitchell
W_Account.949,W_Contact.949,David Flynn
W_Account.950,W_Contact.950,Kimberly Fitzpatrick
W_Account.951,W_Contact.951,Amanda Mason
W_Account.952,W_Contact.952,Paul Wang
W_Account.953,W_Contact.953,Gabrielle Ward
W_Account.954,W_Contact.954,Dwayne Blevins
W_Account.955,W_Contact.955,Ryan Newton
W_Account.956,W_Contact.956,Paula Ray
W_Account.957,W_Contact.957,Cindy Gray
W_Account.958,W_Contact.958,Caitlin Perez
W_Account.959,W_Contact.959,Sean Whitaker
W_Account.960,W_Contact.960,Joanna Carter
W_Account.961,W_Contact.961,Amanda Hill
W_Account.962,W_Contact.962,Javier Bennett
W_Account.963,W_Contact.963,Harold Garcia
W_Account.964,W_Contact.964,Caitlyn Hernandez
W_Account.965,W_Contact.965,Nicole Bryant
W_Account.966,W_Contact.966,Shirley Brown
W_Account.967,W_Contact.967,Daniel Arnold
W_Account.968,W_Contact.968,Mary Shaw
W_Account.969,W_Contact.969,Gloria Parker
W_Account.970,W_Contact.970,Lisa Ramsey
W_Account.971,W_Contact.971,Seth Reyes
W_Account.972,W_Contact.972,Beverly Singh
W_Account.973,W_Contact.973,Paul Jenkins
W_Account.974,W_Contact.974,Jeremy Fuentes
W_Account.975,W_Contact.975,Alexander Martinez
W_Account.976,W_Contact.976,Megan Lindsey
W_Account.977,W_Contact.977,William Douglas
W_Account.978,W_Contact.978,Christopher Hoover
W_Account.979,W_Contact.979,Barry Wallace
W_Account.980,W_Contact.980,Anna Phelps
W_Account.981,W_Contact.981,Courtney Gregory
W_Account.982,W_Contact.982,David Castillo
W_Account.983,W_Contact.983,Mark Davies
W_Account.984,W_Contact.984,Johnathan Donovan
W_Account.985,W_Contact.985,Vincent Russell
W_Account.986,W_Contact.986,Gary Ramos
W_Account.987,W_Contact.987,Stacey Reyes
W_Account.988,W_Contact.988,Joseph Washington
W_Account.989,W_Contact.989,Scott Murphy
W_Account.990,W_Contact.990,Holly Best
W_Account.991,W_Contact.991,Melissa Murphy
W_Account.992,W_Contact.992,Paula Fischer
W_Account.993,W_Contact.993,Karen French
W_Account.994,W_Contact.994,David Ramirez
W_Account.995,W_Contact.995,Anthony Tucker
W_Account.996,W_Contact.996,Russell Estrada
W_Account.997,W_Contact.997,Jennifer Crawford
W_Account.998,W_Contact.998,Sarah Becker
W_Account.999,W_Contact.999,Joyce Chambers
W_Account.1000,W_Contact.1000,Michelle Collins
