External_Id__c,ArticleVersionNumber,CreatedDate__c,KnowledgeArticle.External_Id__c,IsSharedByEmail,Case.External_Id__c
W_CaseArticle.1,1,2017-01-12 00:00:00,W_KnowledgeArticle.858,TRUE,W_Case.1841
W_CaseArticle.2,1,2016-09-18 00:00:00,W_KnowledgeArticle.714,TRUE,W_Case.1004
W_CaseArticle.3,1,2016-09-12 00:00:00,W_KnowledgeArticle.963,FALSE,W_Case.3735
W_CaseArticle.4,1,2016-08-08 00:00:00,W_KnowledgeArticle.685,FALSE,W_Case.7336
W_CaseArticle.5,1,2016-07-06 00:00:00,W_KnowledgeArticle.64,TRUE,W_Case.5132
W_CaseArticle.6,1,2017-01-27 00:00:00,W_KnowledgeArticle.835,FALSE,W_Case.6997
W_CaseArticle.7,1,2017-02-16 00:00:00,W_KnowledgeArticle.287,TRUE,W_Case.3574
W_CaseArticle.8,1,2017-02-17 00:00:00,W_KnowledgeArticle.73,TRUE,W_Case.4579
W_CaseArticle.9,1,2016-11-18 00:00:00,W_KnowledgeArticle.402,TRUE,W_Case.1490
W_CaseArticle.10,1,2016-09-11 00:00:00,W_KnowledgeArticle.780,FALSE,W_Case.4675
W_CaseArticle.11,1,2016-08-01 00:00:00,W_KnowledgeArticle.499,FALSE,W_Case.3248
W_CaseArticle.12,1,2016-09-03 00:00:00,W_KnowledgeArticle.618,FALSE,W_Case.4408
W_CaseArticle.13,1,2016-08-03 00:00:00,W_KnowledgeArticle.933,FALSE,W_Case.4587
W_CaseArticle.14,1,2016-09-08 00:00:00,W_KnowledgeArticle.678,TRUE,W_Case.990
W_CaseArticle.15,1,2016-12-16 00:00:00,W_KnowledgeArticle.830,TRUE,W_Case.4270
W_CaseArticle.16,1,2017-01-15 00:00:00,W_KnowledgeArticle.758,FALSE,W_Case.1285
W_CaseArticle.17,1,2017-02-04 00:00:00,W_KnowledgeArticle.66,TRUE,W_Case.7167
W_CaseArticle.18,1,2016-09-10 00:00:00,W_KnowledgeArticle.955,TRUE,W_Case.3329
W_CaseArticle.19,1,2017-02-26 00:00:00,W_KnowledgeArticle.35,TRUE,W_Case.6404
W_CaseArticle.20,1,2016-07-04 00:00:00,W_KnowledgeArticle.992,FALSE,W_Case.4848
W_CaseArticle.21,1,2016-05-25 00:00:00,W_KnowledgeArticle.540,TRUE,W_Case.781
W_CaseArticle.22,1,2016-11-10 00:00:00,W_KnowledgeArticle.920,FALSE,W_Case.5282
W_CaseArticle.23,1,2016-07-30 00:00:00,W_KnowledgeArticle.561,TRUE,W_Case.728
W_CaseArticle.24,1,2016-11-09 00:00:00,W_KnowledgeArticle.13,FALSE,W_Case.465
W_CaseArticle.25,1,2016-12-11 00:00:00,W_KnowledgeArticle.314,FALSE,W_Case.6733
W_CaseArticle.26,1,2016-08-07 00:00:00,W_KnowledgeArticle.445,FALSE,W_Case.2114
W_CaseArticle.27,1,2016-11-28 00:00:00,W_KnowledgeArticle.976,FALSE,W_Case.3670
W_CaseArticle.28,1,2017-01-18 00:00:00,W_KnowledgeArticle.68,TRUE,W_Case.4452
W_CaseArticle.29,1,2016-11-21 00:00:00,W_KnowledgeArticle.886,TRUE,W_Case.2489
W_CaseArticle.30,1,2017-01-23 00:00:00,W_KnowledgeArticle.797,TRUE,W_Case.1408
W_CaseArticle.31,1,2016-04-12 00:00:00,W_KnowledgeArticle.170,TRUE,W_Case.2853
W_CaseArticle.32,1,2017-03-12 00:00:00,W_KnowledgeArticle.939,FALSE,W_Case.2663
W_CaseArticle.33,1,2017-04-08 00:00:00,W_KnowledgeArticle.708,FALSE,W_Case.6884
W_CaseArticle.34,1,2016-06-07 00:00:00,W_KnowledgeArticle.21,TRUE,W_Case.514
W_CaseArticle.35,1,2016-08-09 00:00:00,W_KnowledgeArticle.215,TRUE,W_Case.613
W_CaseArticle.36,1,2017-02-05 00:00:00,W_KnowledgeArticle.270,FALSE,W_Case.5335
W_CaseArticle.37,1,2016-07-28 00:00:00,W_KnowledgeArticle.573,TRUE,W_Case.25
W_CaseArticle.38,1,2017-03-09 00:00:00,W_KnowledgeArticle.703,TRUE,W_Case.845
W_CaseArticle.39,1,2016-07-14 00:00:00,W_KnowledgeArticle.569,FALSE,W_Case.3626
W_CaseArticle.40,1,2016-05-07 00:00:00,W_KnowledgeArticle.370,TRUE,W_Case.2157
W_CaseArticle.41,1,2016-09-06 00:00:00,W_KnowledgeArticle.427,FALSE,W_Case.6270
W_CaseArticle.42,1,2016-04-25 00:00:00,W_KnowledgeArticle.173,TRUE,W_Case.6751
W_CaseArticle.43,1,2016-06-16 00:00:00,W_KnowledgeArticle.117,TRUE,W_Case.2466
W_CaseArticle.44,1,2017-01-16 00:00:00,W_KnowledgeArticle.550,TRUE,W_Case.6018
W_CaseArticle.45,1,2016-12-14 00:00:00,W_KnowledgeArticle.118,FALSE,W_Case.3884
W_CaseArticle.46,1,2016-11-06 00:00:00,W_KnowledgeArticle.244,FALSE,W_Case.1256
W_CaseArticle.47,1,2016-12-02 00:00:00,W_KnowledgeArticle.968,TRUE,W_Case.3062
W_CaseArticle.48,1,2017-01-27 00:00:00,W_KnowledgeArticle.139,FALSE,W_Case.1278
W_CaseArticle.49,1,2016-06-10 00:00:00,W_KnowledgeArticle.489,FALSE,W_Case.7428
W_CaseArticle.50,1,2017-03-11 00:00:00,W_KnowledgeArticle.96,FALSE,W_Case.5712
W_CaseArticle.51,1,2016-05-10 00:00:00,W_KnowledgeArticle.47,FALSE,W_Case.1401
W_CaseArticle.52,1,2016-12-28 00:00:00,W_KnowledgeArticle.579,FALSE,W_Case.4916
W_CaseArticle.53,1,2016-10-07 00:00:00,W_KnowledgeArticle.50,TRUE,W_Case.2958
W_CaseArticle.54,1,2016-09-29 00:00:00,W_KnowledgeArticle.807,TRUE,W_Case.5299
W_CaseArticle.55,1,2016-11-26 00:00:00,W_KnowledgeArticle.53,TRUE,W_Case.4071
W_CaseArticle.56,1,2017-01-09 00:00:00,W_KnowledgeArticle.279,FALSE,W_Case.4704
W_CaseArticle.57,1,2017-03-06 00:00:00,W_KnowledgeArticle.990,FALSE,W_Case.6698
W_CaseArticle.58,1,2016-08-13 00:00:00,W_KnowledgeArticle.353,FALSE,W_Case.406
W_CaseArticle.59,1,2016-08-15 00:00:00,W_KnowledgeArticle.794,TRUE,W_Case.6598
W_CaseArticle.60,1,2017-02-04 00:00:00,W_KnowledgeArticle.942,TRUE,W_Case.52
W_CaseArticle.61,1,2016-09-19 00:00:00,W_KnowledgeArticle.605,TRUE,W_Case.2338
W_CaseArticle.62,1,2016-07-08 00:00:00,W_KnowledgeArticle.359,FALSE,W_Case.4004
W_CaseArticle.63,1,2016-11-16 00:00:00,W_KnowledgeArticle.741,FALSE,W_Case.4070
W_CaseArticle.64,1,2017-01-05 00:00:00,W_KnowledgeArticle.708,FALSE,W_Case.6155
W_CaseArticle.65,1,2016-11-06 00:00:00,W_KnowledgeArticle.805,FALSE,W_Case.2120
W_CaseArticle.66,1,2017-02-04 00:00:00,W_KnowledgeArticle.577,FALSE,W_Case.1918
W_CaseArticle.67,1,2017-04-07 00:00:00,W_KnowledgeArticle.335,TRUE,W_Case.4094
W_CaseArticle.68,1,2016-04-22 00:00:00,W_KnowledgeArticle.236,TRUE,W_Case.5772
W_CaseArticle.69,1,2017-03-22 00:00:00,W_KnowledgeArticle.911,FALSE,W_Case.5371
W_CaseArticle.70,1,2017-03-30 00:00:00,W_KnowledgeArticle.713,FALSE,W_Case.4068
W_CaseArticle.71,1,2017-01-13 00:00:00,W_KnowledgeArticle.687,TRUE,W_Case.5509
W_CaseArticle.72,1,2016-07-16 00:00:00,W_KnowledgeArticle.105,TRUE,W_Case.1010
W_CaseArticle.73,1,2016-11-17 00:00:00,W_KnowledgeArticle.598,TRUE,W_Case.7425
W_CaseArticle.74,1,2016-05-14 00:00:00,W_KnowledgeArticle.475,FALSE,W_Case.1547
W_CaseArticle.75,1,2016-11-21 00:00:00,W_KnowledgeArticle.746,FALSE,W_Case.5860
W_CaseArticle.76,1,2016-07-18 00:00:00,W_KnowledgeArticle.196,TRUE,W_Case.5752
W_CaseArticle.77,1,2016-05-11 00:00:00,W_KnowledgeArticle.381,FALSE,W_Case.50
W_CaseArticle.78,1,2016-08-04 00:00:00,W_KnowledgeArticle.294,FALSE,W_Case.298
W_CaseArticle.79,1,2016-12-28 00:00:00,W_KnowledgeArticle.154,FALSE,W_Case.7264
W_CaseArticle.80,1,2016-12-11 00:00:00,W_KnowledgeArticle.910,FALSE,W_Case.3117
W_CaseArticle.81,1,2017-02-01 00:00:00,W_KnowledgeArticle.686,FALSE,W_Case.2191
W_CaseArticle.82,1,2017-03-08 00:00:00,W_KnowledgeArticle.231,FALSE,W_Case.227
W_CaseArticle.83,1,2016-12-15 00:00:00,W_KnowledgeArticle.543,FALSE,W_Case.5195
W_CaseArticle.84,1,2016-12-02 00:00:00,W_KnowledgeArticle.69,FALSE,W_Case.1554
W_CaseArticle.85,1,2016-11-27 00:00:00,W_KnowledgeArticle.882,FALSE,W_Case.730
W_CaseArticle.86,1,2016-08-26 00:00:00,W_KnowledgeArticle.377,FALSE,W_Case.15
W_CaseArticle.87,1,2016-07-19 00:00:00,W_KnowledgeArticle.373,FALSE,W_Case.5266
W_CaseArticle.88,1,2016-07-08 00:00:00,W_KnowledgeArticle.396,TRUE,W_Case.1733
W_CaseArticle.89,1,2017-03-28 00:00:00,W_KnowledgeArticle.774,TRUE,W_Case.4465
W_CaseArticle.90,1,2016-12-19 00:00:00,W_KnowledgeArticle.170,FALSE,W_Case.952
W_CaseArticle.91,1,2016-04-15 00:00:00,W_KnowledgeArticle.244,TRUE,W_Case.982
W_CaseArticle.92,1,2016-05-03 00:00:00,W_KnowledgeArticle.616,FALSE,W_Case.7228
W_CaseArticle.93,1,2016-12-06 00:00:00,W_KnowledgeArticle.988,FALSE,W_Case.1228
W_CaseArticle.94,1,2016-07-16 00:00:00,W_KnowledgeArticle.840,FALSE,W_Case.1215
W_CaseArticle.95,1,2016-07-23 00:00:00,W_KnowledgeArticle.416,FALSE,W_Case.4324
W_CaseArticle.96,1,2017-03-14 00:00:00,W_KnowledgeArticle.580,TRUE,W_Case.6247
W_CaseArticle.97,1,2017-03-16 00:00:00,W_KnowledgeArticle.827,FALSE,W_Case.507
W_CaseArticle.98,1,2016-10-24 00:00:00,W_KnowledgeArticle.186,TRUE,W_Case.5276
W_CaseArticle.99,1,2016-11-01 00:00:00,W_KnowledgeArticle.296,FALSE,W_Case.3366
W_CaseArticle.100,1,2016-10-18 00:00:00,W_KnowledgeArticle.166,FALSE,W_Case.4884
W_CaseArticle.101,1,2016-12-30 00:00:00,W_KnowledgeArticle.110,TRUE,W_Case.1043
W_CaseArticle.102,1,2016-11-15 00:00:00,W_KnowledgeArticle.990,TRUE,W_Case.495
W_CaseArticle.103,1,2016-04-18 00:00:00,W_KnowledgeArticle.753,FALSE,W_Case.5833
W_CaseArticle.104,1,2016-10-11 00:00:00,W_KnowledgeArticle.230,FALSE,W_Case.897
W_CaseArticle.105,1,2016-07-17 00:00:00,W_KnowledgeArticle.510,FALSE,W_Case.6838
W_CaseArticle.106,1,2016-07-12 00:00:00,W_KnowledgeArticle.491,TRUE,W_Case.5775
W_CaseArticle.107,1,2016-11-20 00:00:00,W_KnowledgeArticle.30,FALSE,W_Case.3931
W_CaseArticle.108,1,2017-01-27 00:00:00,W_KnowledgeArticle.293,TRUE,W_Case.1099
W_CaseArticle.109,1,2016-04-27 00:00:00,W_KnowledgeArticle.294,FALSE,W_Case.4579
W_CaseArticle.110,1,2017-01-27 00:00:00,W_KnowledgeArticle.859,TRUE,W_Case.2665
W_CaseArticle.111,1,2016-07-25 00:00:00,W_KnowledgeArticle.536,TRUE,W_Case.4859
W_CaseArticle.112,1,2017-01-03 00:00:00,W_KnowledgeArticle.55,TRUE,W_Case.1220
W_CaseArticle.113,1,2016-08-31 00:00:00,W_KnowledgeArticle.451,TRUE,W_Case.1297
W_CaseArticle.114,1,2016-12-13 00:00:00,W_KnowledgeArticle.243,TRUE,W_Case.2338
W_CaseArticle.115,1,2016-06-16 00:00:00,W_KnowledgeArticle.621,FALSE,W_Case.3611
W_CaseArticle.116,1,2017-03-13 00:00:00,W_KnowledgeArticle.637,FALSE,W_Case.3354
W_CaseArticle.117,1,2017-01-17 00:00:00,W_KnowledgeArticle.242,FALSE,W_Case.6231
W_CaseArticle.118,1,2017-03-18 00:00:00,W_KnowledgeArticle.338,TRUE,W_Case.2289
W_CaseArticle.119,1,2016-12-15 00:00:00,W_KnowledgeArticle.370,TRUE,W_Case.1529
W_CaseArticle.120,1,2016-05-09 00:00:00,W_KnowledgeArticle.439,TRUE,W_Case.7121
W_CaseArticle.121,1,2016-06-20 00:00:00,W_KnowledgeArticle.977,FALSE,W_Case.6231
W_CaseArticle.122,1,2016-12-30 00:00:00,W_KnowledgeArticle.148,FALSE,W_Case.6921
W_CaseArticle.123,1,2016-08-05 00:00:00,W_KnowledgeArticle.752,FALSE,W_Case.3217
W_CaseArticle.124,1,2017-03-25 00:00:00,W_KnowledgeArticle.914,FALSE,W_Case.5507
W_CaseArticle.125,1,2017-04-03 00:00:00,W_KnowledgeArticle.23,FALSE,W_Case.6729
W_CaseArticle.126,1,2017-03-11 00:00:00,W_KnowledgeArticle.887,FALSE,W_Case.4881
W_CaseArticle.127,1,2017-04-02 00:00:00,W_KnowledgeArticle.576,TRUE,W_Case.5371
W_CaseArticle.128,1,2016-09-06 00:00:00,W_KnowledgeArticle.844,FALSE,W_Case.5847
W_CaseArticle.129,1,2017-03-31 00:00:00,W_KnowledgeArticle.287,TRUE,W_Case.5642
W_CaseArticle.130,1,2016-10-19 00:00:00,W_KnowledgeArticle.414,TRUE,W_Case.6628
W_CaseArticle.131,1,2017-04-08 00:00:00,W_KnowledgeArticle.589,FALSE,W_Case.6611
W_CaseArticle.132,1,2016-09-25 00:00:00,W_KnowledgeArticle.675,FALSE,W_Case.329
W_CaseArticle.133,1,2016-08-23 00:00:00,W_KnowledgeArticle.953,TRUE,W_Case.3091
W_CaseArticle.134,1,2016-11-05 00:00:00,W_KnowledgeArticle.425,FALSE,W_Case.3304
W_CaseArticle.135,1,2017-04-07 00:00:00,W_KnowledgeArticle.995,TRUE,W_Case.6502
W_CaseArticle.136,1,2016-07-26 00:00:00,W_KnowledgeArticle.547,FALSE,W_Case.925
W_CaseArticle.137,1,2016-08-08 00:00:00,W_KnowledgeArticle.894,FALSE,W_Case.477
W_CaseArticle.138,1,2016-09-24 00:00:00,W_KnowledgeArticle.92,TRUE,W_Case.1801
W_CaseArticle.139,1,2016-08-27 00:00:00,W_KnowledgeArticle.445,TRUE,W_Case.6789
W_CaseArticle.140,1,2016-06-24 00:00:00,W_KnowledgeArticle.557,TRUE,W_Case.1516
W_CaseArticle.141,1,2016-10-07 00:00:00,W_KnowledgeArticle.825,FALSE,W_Case.946
W_CaseArticle.142,1,2016-05-26 00:00:00,W_KnowledgeArticle.584,TRUE,W_Case.6758
W_CaseArticle.143,1,2016-12-09 00:00:00,W_KnowledgeArticle.436,FALSE,W_Case.6772
W_CaseArticle.144,1,2016-06-27 00:00:00,W_KnowledgeArticle.393,FALSE,W_Case.7220
W_CaseArticle.145,1,2016-06-14 00:00:00,W_KnowledgeArticle.308,FALSE,W_Case.4175
W_CaseArticle.146,1,2017-01-19 00:00:00,W_KnowledgeArticle.201,FALSE,W_Case.2309
W_CaseArticle.147,1,2016-06-11 00:00:00,W_KnowledgeArticle.823,FALSE,W_Case.742
W_CaseArticle.148,1,2016-08-02 00:00:00,W_KnowledgeArticle.484,TRUE,W_Case.856
W_CaseArticle.149,1,2016-09-23 00:00:00,W_KnowledgeArticle.981,TRUE,W_Case.4746
W_CaseArticle.150,1,2017-03-14 00:00:00,W_KnowledgeArticle.198,FALSE,W_Case.1796
W_CaseArticle.151,1,2017-03-11 00:00:00,W_KnowledgeArticle.603,FALSE,W_Case.5486
W_CaseArticle.152,1,2016-08-13 00:00:00,W_KnowledgeArticle.32,TRUE,W_Case.1072
W_CaseArticle.153,1,2016-10-20 00:00:00,W_KnowledgeArticle.181,FALSE,W_Case.759
W_CaseArticle.154,1,2016-10-27 00:00:00,W_KnowledgeArticle.849,FALSE,W_Case.2805
W_CaseArticle.155,1,2016-08-31 00:00:00,W_KnowledgeArticle.659,TRUE,W_Case.1375
W_CaseArticle.156,1,2016-06-12 00:00:00,W_KnowledgeArticle.791,FALSE,W_Case.6037
W_CaseArticle.157,1,2016-05-09 00:00:00,W_KnowledgeArticle.581,TRUE,W_Case.9
W_CaseArticle.158,1,2016-04-19 00:00:00,W_KnowledgeArticle.601,FALSE,W_Case.1604
W_CaseArticle.159,1,2016-04-19 00:00:00,W_KnowledgeArticle.282,TRUE,W_Case.6947
W_CaseArticle.160,1,2016-12-06 00:00:00,W_KnowledgeArticle.519,FALSE,W_Case.3249
W_CaseArticle.161,1,2016-07-16 00:00:00,W_KnowledgeArticle.270,TRUE,W_Case.1758
W_CaseArticle.162,1,2016-06-16 00:00:00,W_KnowledgeArticle.490,FALSE,W_Case.4812
W_CaseArticle.163,1,2016-10-26 00:00:00,W_KnowledgeArticle.231,FALSE,W_Case.722
W_CaseArticle.164,1,2016-11-21 00:00:00,W_KnowledgeArticle.100,FALSE,W_Case.6510
W_CaseArticle.165,1,2016-11-01 00:00:00,W_KnowledgeArticle.407,TRUE,W_Case.892
W_CaseArticle.166,1,2016-07-27 00:00:00,W_KnowledgeArticle.583,FALSE,W_Case.2305
W_CaseArticle.167,1,2016-10-10 00:00:00,W_KnowledgeArticle.708,FALSE,W_Case.5310
W_CaseArticle.168,1,2016-12-21 00:00:00,W_KnowledgeArticle.447,TRUE,W_Case.6699
W_CaseArticle.169,1,2016-10-29 00:00:00,W_KnowledgeArticle.634,TRUE,W_Case.3186
W_CaseArticle.170,1,2016-11-18 00:00:00,W_KnowledgeArticle.381,FALSE,W_Case.2377
W_CaseArticle.171,1,2016-12-15 00:00:00,W_KnowledgeArticle.882,TRUE,W_Case.6891
W_CaseArticle.172,1,2017-03-31 00:00:00,W_KnowledgeArticle.640,TRUE,W_Case.5923
W_CaseArticle.173,1,2016-11-18 00:00:00,W_KnowledgeArticle.106,TRUE,W_Case.4169
W_CaseArticle.174,1,2016-06-11 00:00:00,W_KnowledgeArticle.638,FALSE,W_Case.160
W_CaseArticle.175,1,2016-06-10 00:00:00,W_KnowledgeArticle.25,TRUE,W_Case.605
W_CaseArticle.176,1,2017-03-15 00:00:00,W_KnowledgeArticle.250,FALSE,W_Case.683
W_CaseArticle.177,1,2017-01-19 00:00:00,W_KnowledgeArticle.554,TRUE,W_Case.6454
W_CaseArticle.178,1,2016-07-14 00:00:00,W_KnowledgeArticle.739,TRUE,W_Case.281
W_CaseArticle.179,1,2017-01-05 00:00:00,W_KnowledgeArticle.456,TRUE,W_Case.1693
W_CaseArticle.180,1,2017-04-11 00:00:00,W_KnowledgeArticle.739,FALSE,W_Case.725
W_CaseArticle.181,1,2016-07-16 00:00:00,W_KnowledgeArticle.150,TRUE,W_Case.1314
W_CaseArticle.182,1,2016-10-24 00:00:00,W_KnowledgeArticle.571,FALSE,W_Case.3773
W_CaseArticle.183,1,2017-03-22 00:00:00,W_KnowledgeArticle.480,TRUE,W_Case.4966
W_CaseArticle.184,1,2016-07-26 00:00:00,W_KnowledgeArticle.665,FALSE,W_Case.2588
W_CaseArticle.185,1,2017-02-15 00:00:00,W_KnowledgeArticle.897,TRUE,W_Case.6904
W_CaseArticle.186,1,2016-06-05 00:00:00,W_KnowledgeArticle.754,FALSE,W_Case.2534
W_CaseArticle.187,1,2016-06-17 00:00:00,W_KnowledgeArticle.853,FALSE,W_Case.430
W_CaseArticle.188,1,2016-10-28 00:00:00,W_KnowledgeArticle.174,FALSE,W_Case.4782
W_CaseArticle.189,1,2016-11-18 00:00:00,W_KnowledgeArticle.428,TRUE,W_Case.5463
W_CaseArticle.190,1,2016-10-19 00:00:00,W_KnowledgeArticle.75,FALSE,W_Case.4230
W_CaseArticle.191,1,2016-05-25 00:00:00,W_KnowledgeArticle.503,TRUE,W_Case.5082
W_CaseArticle.192,1,2016-07-05 00:00:00,W_KnowledgeArticle.682,TRUE,W_Case.5362
W_CaseArticle.193,1,2016-05-19 00:00:00,W_KnowledgeArticle.388,TRUE,W_Case.3429
W_CaseArticle.194,1,2016-11-19 00:00:00,W_KnowledgeArticle.657,TRUE,W_Case.1354
W_CaseArticle.195,1,2016-04-15 00:00:00,W_KnowledgeArticle.392,FALSE,W_Case.3464
W_CaseArticle.196,1,2016-09-21 00:00:00,W_KnowledgeArticle.969,FALSE,W_Case.451
W_CaseArticle.197,1,2017-01-20 00:00:00,W_KnowledgeArticle.138,TRUE,W_Case.4545
W_CaseArticle.198,1,2016-10-10 00:00:00,W_KnowledgeArticle.78,TRUE,W_Case.4519
W_CaseArticle.199,1,2017-03-24 00:00:00,W_KnowledgeArticle.467,TRUE,W_Case.1222
W_CaseArticle.200,1,2017-02-18 00:00:00,W_KnowledgeArticle.311,TRUE,W_Case.5640
W_CaseArticle.201,1,2016-10-24 00:00:00,W_KnowledgeArticle.437,TRUE,W_Case.1463
W_CaseArticle.202,1,2016-08-19 00:00:00,W_KnowledgeArticle.477,FALSE,W_Case.5007
W_CaseArticle.203,1,2016-04-23 00:00:00,W_KnowledgeArticle.574,FALSE,W_Case.5797
W_CaseArticle.204,1,2016-05-15 00:00:00,W_KnowledgeArticle.322,FALSE,W_Case.2019
W_CaseArticle.205,1,2016-07-30 00:00:00,W_KnowledgeArticle.683,TRUE,W_Case.3230
W_CaseArticle.206,1,2016-08-16 00:00:00,W_KnowledgeArticle.675,TRUE,W_Case.253
W_CaseArticle.207,1,2017-01-18 00:00:00,W_KnowledgeArticle.766,TRUE,W_Case.6369
W_CaseArticle.208,1,2016-07-18 00:00:00,W_KnowledgeArticle.215,TRUE,W_Case.3728
W_CaseArticle.209,1,2016-08-18 00:00:00,W_KnowledgeArticle.718,FALSE,W_Case.525
W_CaseArticle.210,1,2016-12-05 00:00:00,W_KnowledgeArticle.49,TRUE,W_Case.607
W_CaseArticle.211,1,2017-01-15 00:00:00,W_KnowledgeArticle.736,FALSE,W_Case.5868
W_CaseArticle.212,1,2016-09-22 00:00:00,W_KnowledgeArticle.175,FALSE,W_Case.5601
W_CaseArticle.213,1,2016-04-12 00:00:00,W_KnowledgeArticle.334,FALSE,W_Case.4626
W_CaseArticle.214,1,2017-02-25 00:00:00,W_KnowledgeArticle.712,FALSE,W_Case.3794
W_CaseArticle.215,1,2016-05-18 00:00:00,W_KnowledgeArticle.923,TRUE,W_Case.7004
W_CaseArticle.216,1,2017-01-20 00:00:00,W_KnowledgeArticle.5,FALSE,W_Case.7361
W_CaseArticle.217,1,2016-10-02 00:00:00,W_KnowledgeArticle.301,TRUE,W_Case.4596
W_CaseArticle.218,1,2016-11-05 00:00:00,W_KnowledgeArticle.636,FALSE,W_Case.6258
W_CaseArticle.219,1,2016-10-07 00:00:00,W_KnowledgeArticle.734,FALSE,W_Case.4535
W_CaseArticle.220,1,2017-01-04 00:00:00,W_KnowledgeArticle.440,TRUE,W_Case.5917
W_CaseArticle.221,1,2017-02-26 00:00:00,W_KnowledgeArticle.938,FALSE,W_Case.5170
W_CaseArticle.222,1,2017-03-07 00:00:00,W_KnowledgeArticle.38,FALSE,W_Case.5653
W_CaseArticle.223,1,2016-12-12 00:00:00,W_KnowledgeArticle.440,TRUE,W_Case.5219
W_CaseArticle.224,1,2016-10-03 00:00:00,W_KnowledgeArticle.988,FALSE,W_Case.7429
W_CaseArticle.225,1,2016-06-17 00:00:00,W_KnowledgeArticle.270,FALSE,W_Case.5276
W_CaseArticle.226,1,2016-09-12 00:00:00,W_KnowledgeArticle.256,FALSE,W_Case.6968
W_CaseArticle.227,1,2016-10-06 00:00:00,W_KnowledgeArticle.705,TRUE,W_Case.4082
W_CaseArticle.228,1,2016-07-02 00:00:00,W_KnowledgeArticle.525,TRUE,W_Case.6650
W_CaseArticle.229,1,2017-04-10 00:00:00,W_KnowledgeArticle.872,FALSE,W_Case.1993
W_CaseArticle.230,1,2017-03-17 00:00:00,W_KnowledgeArticle.699,TRUE,W_Case.454
W_CaseArticle.231,1,2016-09-19 00:00:00,W_KnowledgeArticle.304,FALSE,W_Case.4083
W_CaseArticle.232,1,2017-02-16 00:00:00,W_KnowledgeArticle.851,FALSE,W_Case.4802
W_CaseArticle.233,1,2017-03-10 00:00:00,W_KnowledgeArticle.412,TRUE,W_Case.1062
W_CaseArticle.234,1,2016-04-24 00:00:00,W_KnowledgeArticle.361,TRUE,W_Case.4629
W_CaseArticle.235,1,2017-03-09 00:00:00,W_KnowledgeArticle.567,FALSE,W_Case.1224
W_CaseArticle.236,1,2016-09-13 00:00:00,W_KnowledgeArticle.651,TRUE,W_Case.3014
W_CaseArticle.237,1,2016-05-11 00:00:00,W_KnowledgeArticle.636,TRUE,W_Case.3607
W_CaseArticle.238,1,2016-09-20 00:00:00,W_KnowledgeArticle.920,TRUE,W_Case.569
W_CaseArticle.239,1,2016-12-10 00:00:00,W_KnowledgeArticle.426,TRUE,W_Case.1469
W_CaseArticle.240,1,2016-11-25 00:00:00,W_KnowledgeArticle.747,TRUE,W_Case.1839
W_CaseArticle.241,1,2016-11-18 00:00:00,W_KnowledgeArticle.654,TRUE,W_Case.2700
W_CaseArticle.242,1,2016-10-16 00:00:00,W_KnowledgeArticle.692,TRUE,W_Case.4631
W_CaseArticle.243,1,2016-10-30 00:00:00,W_KnowledgeArticle.407,FALSE,W_Case.2597
W_CaseArticle.244,1,2016-07-08 00:00:00,W_KnowledgeArticle.161,TRUE,W_Case.5237
W_CaseArticle.245,1,2017-03-30 00:00:00,W_KnowledgeArticle.939,FALSE,W_Case.3749
W_CaseArticle.246,1,2017-01-09 00:00:00,W_KnowledgeArticle.874,TRUE,W_Case.4222
W_CaseArticle.247,1,2017-02-04 00:00:00,W_KnowledgeArticle.237,TRUE,W_Case.3473
W_CaseArticle.248,1,2017-01-22 00:00:00,W_KnowledgeArticle.24,FALSE,W_Case.4388
W_CaseArticle.249,1,2017-02-10 00:00:00,W_KnowledgeArticle.766,TRUE,W_Case.1428
W_CaseArticle.250,1,2017-03-05 00:00:00,W_KnowledgeArticle.600,FALSE,W_Case.3454
W_CaseArticle.251,1,2016-06-28 00:00:00,W_KnowledgeArticle.580,TRUE,W_Case.302
W_CaseArticle.252,1,2016-05-24 00:00:00,W_KnowledgeArticle.126,TRUE,W_Case.2966
W_CaseArticle.253,1,2016-10-10 00:00:00,W_KnowledgeArticle.97,FALSE,W_Case.3134
W_CaseArticle.254,1,2017-02-23 00:00:00,W_KnowledgeArticle.256,FALSE,W_Case.3943
W_CaseArticle.255,1,2016-07-30 00:00:00,W_KnowledgeArticle.793,FALSE,W_Case.6398
W_CaseArticle.256,1,2016-06-09 00:00:00,W_KnowledgeArticle.218,FALSE,W_Case.805
W_CaseArticle.257,1,2016-10-26 00:00:00,W_KnowledgeArticle.546,TRUE,W_Case.3547
W_CaseArticle.258,1,2017-04-11 00:00:00,W_KnowledgeArticle.679,FALSE,W_Case.614
W_CaseArticle.259,1,2016-05-23 00:00:00,W_KnowledgeArticle.78,FALSE,W_Case.4218
W_CaseArticle.260,1,2016-08-08 00:00:00,W_KnowledgeArticle.809,TRUE,W_Case.4110
W_CaseArticle.261,1,2017-04-06 00:00:00,W_KnowledgeArticle.990,FALSE,W_Case.5725
W_CaseArticle.262,1,2016-10-22 00:00:00,W_KnowledgeArticle.549,FALSE,W_Case.3361
W_CaseArticle.263,1,2017-01-14 00:00:00,W_KnowledgeArticle.898,FALSE,W_Case.873
W_CaseArticle.264,1,2016-08-16 00:00:00,W_KnowledgeArticle.87,FALSE,W_Case.821
W_CaseArticle.265,1,2016-11-22 00:00:00,W_KnowledgeArticle.463,TRUE,W_Case.137
W_CaseArticle.266,1,2016-12-26 00:00:00,W_KnowledgeArticle.336,FALSE,W_Case.2731
W_CaseArticle.267,1,2016-12-20 00:00:00,W_KnowledgeArticle.205,TRUE,W_Case.6762
W_CaseArticle.268,1,2016-09-21 00:00:00,W_KnowledgeArticle.368,TRUE,W_Case.3781
W_CaseArticle.269,1,2017-02-22 00:00:00,W_KnowledgeArticle.329,TRUE,W_Case.7056
W_CaseArticle.270,1,2016-12-13 00:00:00,W_KnowledgeArticle.229,TRUE,W_Case.3153
W_CaseArticle.271,1,2016-04-28 00:00:00,W_KnowledgeArticle.378,FALSE,W_Case.4995
W_CaseArticle.272,1,2016-12-01 00:00:00,W_KnowledgeArticle.46,FALSE,W_Case.4711
W_CaseArticle.273,1,2017-03-13 00:00:00,W_KnowledgeArticle.379,FALSE,W_Case.1428
W_CaseArticle.274,1,2017-04-07 00:00:00,W_KnowledgeArticle.631,TRUE,W_Case.2963
W_CaseArticle.275,1,2017-02-07 00:00:00,W_KnowledgeArticle.738,TRUE,W_Case.5309
W_CaseArticle.276,1,2016-08-31 00:00:00,W_KnowledgeArticle.547,TRUE,W_Case.3108
W_CaseArticle.277,1,2016-12-21 00:00:00,W_KnowledgeArticle.329,TRUE,W_Case.1844
W_CaseArticle.278,1,2016-05-31 00:00:00,W_KnowledgeArticle.18,TRUE,W_Case.7120
W_CaseArticle.279,1,2017-02-16 00:00:00,W_KnowledgeArticle.80,FALSE,W_Case.3768
W_CaseArticle.280,1,2016-09-26 00:00:00,W_KnowledgeArticle.108,FALSE,W_Case.3142
W_CaseArticle.281,1,2017-02-11 00:00:00,W_KnowledgeArticle.745,TRUE,W_Case.1933
W_CaseArticle.282,1,2016-08-03 00:00:00,W_KnowledgeArticle.3,FALSE,W_Case.4089
W_CaseArticle.283,1,2017-02-03 00:00:00,W_KnowledgeArticle.970,TRUE,W_Case.5491
W_CaseArticle.284,1,2016-12-24 00:00:00,W_KnowledgeArticle.121,FALSE,W_Case.2843
W_CaseArticle.285,1,2016-05-27 00:00:00,W_KnowledgeArticle.198,FALSE,W_Case.6365
W_CaseArticle.286,1,2017-03-19 00:00:00,W_KnowledgeArticle.704,FALSE,W_Case.2977
W_CaseArticle.287,1,2016-07-16 00:00:00,W_KnowledgeArticle.114,TRUE,W_Case.2699
W_CaseArticle.288,1,2016-05-25 00:00:00,W_KnowledgeArticle.298,FALSE,W_Case.4647
W_CaseArticle.289,1,2016-12-10 00:00:00,W_KnowledgeArticle.181,TRUE,W_Case.4389
W_CaseArticle.290,1,2017-01-03 00:00:00,W_KnowledgeArticle.353,FALSE,W_Case.5706
W_CaseArticle.291,1,2016-12-22 00:00:00,W_KnowledgeArticle.601,FALSE,W_Case.5888
W_CaseArticle.292,1,2016-05-22 00:00:00,W_KnowledgeArticle.810,TRUE,W_Case.3199
W_CaseArticle.293,1,2016-05-23 00:00:00,W_KnowledgeArticle.745,TRUE,W_Case.20
W_CaseArticle.294,1,2017-03-21 00:00:00,W_KnowledgeArticle.708,TRUE,W_Case.4646
W_CaseArticle.295,1,2017-01-01 00:00:00,W_KnowledgeArticle.803,FALSE,W_Case.709
W_CaseArticle.296,1,2016-09-09 00:00:00,W_KnowledgeArticle.438,FALSE,W_Case.6659
W_CaseArticle.297,1,2016-12-24 00:00:00,W_KnowledgeArticle.754,TRUE,W_Case.5310
W_CaseArticle.298,1,2016-06-12 00:00:00,W_KnowledgeArticle.49,TRUE,W_Case.6427
W_CaseArticle.299,1,2017-04-06 00:00:00,W_KnowledgeArticle.585,FALSE,W_Case.4846
W_CaseArticle.300,1,2016-10-10 00:00:00,W_KnowledgeArticle.305,FALSE,W_Case.3484
W_CaseArticle.301,1,2016-08-23 00:00:00,W_KnowledgeArticle.821,FALSE,W_Case.2706
W_CaseArticle.302,1,2017-03-07 00:00:00,W_KnowledgeArticle.940,FALSE,W_Case.5741
W_CaseArticle.303,1,2016-12-25 00:00:00,W_KnowledgeArticle.925,FALSE,W_Case.2179
W_CaseArticle.304,1,2016-07-26 00:00:00,W_KnowledgeArticle.258,FALSE,W_Case.1320
W_CaseArticle.305,1,2016-10-10 00:00:00,W_KnowledgeArticle.553,TRUE,W_Case.2863
W_CaseArticle.306,1,2016-12-17 00:00:00,W_KnowledgeArticle.637,FALSE,W_Case.5772
W_CaseArticle.307,1,2016-07-04 00:00:00,W_KnowledgeArticle.336,TRUE,W_Case.4192
W_CaseArticle.308,1,2017-02-05 00:00:00,W_KnowledgeArticle.450,TRUE,W_Case.2640
W_CaseArticle.309,1,2016-04-17 00:00:00,W_KnowledgeArticle.157,TRUE,W_Case.5542
W_CaseArticle.310,1,2016-07-29 00:00:00,W_KnowledgeArticle.562,FALSE,W_Case.4889
W_CaseArticle.311,1,2016-10-09 00:00:00,W_KnowledgeArticle.338,FALSE,W_Case.5777
W_CaseArticle.312,1,2016-05-12 00:00:00,W_KnowledgeArticle.337,FALSE,W_Case.5804
W_CaseArticle.313,1,2016-09-08 00:00:00,W_KnowledgeArticle.811,TRUE,W_Case.853
W_CaseArticle.314,1,2016-12-20 00:00:00,W_KnowledgeArticle.405,TRUE,W_Case.4208
W_CaseArticle.315,1,2017-01-25 00:00:00,W_KnowledgeArticle.549,TRUE,W_Case.5197
W_CaseArticle.316,1,2016-06-08 00:00:00,W_KnowledgeArticle.568,FALSE,W_Case.2114
W_CaseArticle.317,1,2016-08-27 00:00:00,W_KnowledgeArticle.161,TRUE,W_Case.6337
W_CaseArticle.318,1,2016-10-01 00:00:00,W_KnowledgeArticle.45,TRUE,W_Case.5309
W_CaseArticle.319,1,2016-11-01 00:00:00,W_KnowledgeArticle.949,TRUE,W_Case.5848
W_CaseArticle.320,1,2016-06-18 00:00:00,W_KnowledgeArticle.525,TRUE,W_Case.526
W_CaseArticle.321,1,2017-03-18 00:00:00,W_KnowledgeArticle.816,FALSE,W_Case.1983
W_CaseArticle.322,1,2016-06-23 00:00:00,W_KnowledgeArticle.63,FALSE,W_Case.6870
W_CaseArticle.323,1,2016-06-23 00:00:00,W_KnowledgeArticle.95,FALSE,W_Case.6042
W_CaseArticle.324,1,2017-01-11 00:00:00,W_KnowledgeArticle.856,TRUE,W_Case.1722
W_CaseArticle.325,1,2016-07-05 00:00:00,W_KnowledgeArticle.464,FALSE,W_Case.5784
W_CaseArticle.326,1,2016-10-20 00:00:00,W_KnowledgeArticle.484,TRUE,W_Case.5854
W_CaseArticle.327,1,2016-07-28 00:00:00,W_KnowledgeArticle.649,TRUE,W_Case.3372
W_CaseArticle.328,1,2017-02-22 00:00:00,W_KnowledgeArticle.125,TRUE,W_Case.5856
W_CaseArticle.329,1,2016-11-11 00:00:00,W_KnowledgeArticle.943,TRUE,W_Case.2548
W_CaseArticle.330,1,2016-05-31 00:00:00,W_KnowledgeArticle.444,FALSE,W_Case.3821
W_CaseArticle.331,1,2017-01-01 00:00:00,W_KnowledgeArticle.244,TRUE,W_Case.6182
W_CaseArticle.332,1,2016-09-18 00:00:00,W_KnowledgeArticle.429,TRUE,W_Case.2755
W_CaseArticle.333,1,2016-10-23 00:00:00,W_KnowledgeArticle.733,TRUE,W_Case.2707
W_CaseArticle.334,1,2016-09-27 00:00:00,W_KnowledgeArticle.825,TRUE,W_Case.4882
W_CaseArticle.335,1,2017-01-31 00:00:00,W_KnowledgeArticle.651,TRUE,W_Case.3101
W_CaseArticle.336,1,2016-08-30 00:00:00,W_KnowledgeArticle.732,TRUE,W_Case.2032
W_CaseArticle.337,1,2016-04-12 00:00:00,W_KnowledgeArticle.277,FALSE,W_Case.6395
W_CaseArticle.338,1,2017-01-30 00:00:00,W_KnowledgeArticle.71,TRUE,W_Case.4120
W_CaseArticle.339,1,2017-02-01 00:00:00,W_KnowledgeArticle.824,TRUE,W_Case.4766
W_CaseArticle.340,1,2016-05-02 00:00:00,W_KnowledgeArticle.534,TRUE,W_Case.1496
W_CaseArticle.341,1,2016-07-16 00:00:00,W_KnowledgeArticle.83,FALSE,W_Case.1961
W_CaseArticle.342,1,2016-10-16 00:00:00,W_KnowledgeArticle.512,FALSE,W_Case.4228
W_CaseArticle.343,1,2016-04-19 00:00:00,W_KnowledgeArticle.345,FALSE,W_Case.547
W_CaseArticle.344,1,2016-09-12 00:00:00,W_KnowledgeArticle.141,FALSE,W_Case.4871
W_CaseArticle.345,1,2016-12-31 00:00:00,W_KnowledgeArticle.410,TRUE,W_Case.3454
W_CaseArticle.346,1,2016-10-05 00:00:00,W_KnowledgeArticle.835,TRUE,W_Case.6060
W_CaseArticle.347,1,2016-06-20 00:00:00,W_KnowledgeArticle.904,FALSE,W_Case.6357
W_CaseArticle.348,1,2017-02-10 00:00:00,W_KnowledgeArticle.975,FALSE,W_Case.6833
W_CaseArticle.349,1,2017-03-20 00:00:00,W_KnowledgeArticle.254,TRUE,W_Case.4072
W_CaseArticle.350,1,2016-06-20 00:00:00,W_KnowledgeArticle.911,FALSE,W_Case.7047
W_CaseArticle.351,1,2017-03-22 00:00:00,W_KnowledgeArticle.637,TRUE,W_Case.1706
W_CaseArticle.352,1,2017-03-31 00:00:00,W_KnowledgeArticle.831,FALSE,W_Case.5545
W_CaseArticle.353,1,2016-11-18 00:00:00,W_KnowledgeArticle.631,TRUE,W_Case.4977
W_CaseArticle.354,1,2017-03-12 00:00:00,W_KnowledgeArticle.767,TRUE,W_Case.1282
W_CaseArticle.355,1,2016-07-21 00:00:00,W_KnowledgeArticle.939,TRUE,W_Case.5543
W_CaseArticle.356,1,2016-10-02 00:00:00,W_KnowledgeArticle.894,FALSE,W_Case.4350
W_CaseArticle.357,1,2016-08-09 00:00:00,W_KnowledgeArticle.575,FALSE,W_Case.4479
W_CaseArticle.358,1,2016-08-04 00:00:00,W_KnowledgeArticle.804,TRUE,W_Case.6038
W_CaseArticle.359,1,2016-08-28 00:00:00,W_KnowledgeArticle.723,FALSE,W_Case.4692
W_CaseArticle.360,1,2017-03-04 00:00:00,W_KnowledgeArticle.968,FALSE,W_Case.7102
W_CaseArticle.361,1,2016-08-31 00:00:00,W_KnowledgeArticle.314,TRUE,W_Case.6901
W_CaseArticle.362,1,2016-12-10 00:00:00,W_KnowledgeArticle.106,TRUE,W_Case.5661
W_CaseArticle.363,1,2016-09-03 00:00:00,W_KnowledgeArticle.31,FALSE,W_Case.7034
W_CaseArticle.364,1,2016-09-06 00:00:00,W_KnowledgeArticle.746,TRUE,W_Case.1319
W_CaseArticle.365,1,2017-04-10 00:00:00,W_KnowledgeArticle.663,TRUE,W_Case.5848
W_CaseArticle.366,1,2016-05-25 00:00:00,W_KnowledgeArticle.996,TRUE,W_Case.4779
W_CaseArticle.367,1,2016-11-17 00:00:00,W_KnowledgeArticle.661,FALSE,W_Case.3008
W_CaseArticle.368,1,2016-06-22 00:00:00,W_KnowledgeArticle.443,TRUE,W_Case.5861
W_CaseArticle.369,1,2016-09-23 00:00:00,W_KnowledgeArticle.420,FALSE,W_Case.6345
W_CaseArticle.370,1,2016-08-02 00:00:00,W_KnowledgeArticle.720,FALSE,W_Case.2037
W_CaseArticle.371,1,2016-09-22 00:00:00,W_KnowledgeArticle.749,FALSE,W_Case.2885
W_CaseArticle.372,1,2016-10-19 00:00:00,W_KnowledgeArticle.151,FALSE,W_Case.3550
W_CaseArticle.373,1,2016-10-20 00:00:00,W_KnowledgeArticle.485,TRUE,W_Case.2839
W_CaseArticle.374,1,2016-05-06 00:00:00,W_KnowledgeArticle.131,TRUE,W_Case.1477
W_CaseArticle.375,1,2016-11-03 00:00:00,W_KnowledgeArticle.20,TRUE,W_Case.3340
W_CaseArticle.376,1,2016-08-01 00:00:00,W_KnowledgeArticle.714,FALSE,W_Case.1866
W_CaseArticle.377,1,2017-02-17 00:00:00,W_KnowledgeArticle.131,TRUE,W_Case.3000
W_CaseArticle.378,1,2016-06-24 00:00:00,W_KnowledgeArticle.430,FALSE,W_Case.4190
W_CaseArticle.379,1,2016-05-20 00:00:00,W_KnowledgeArticle.919,TRUE,W_Case.6350
W_CaseArticle.380,1,2016-06-05 00:00:00,W_KnowledgeArticle.738,FALSE,W_Case.2911
W_CaseArticle.381,1,2016-05-22 00:00:00,W_KnowledgeArticle.205,FALSE,W_Case.6161
W_CaseArticle.382,1,2016-10-29 00:00:00,W_KnowledgeArticle.992,FALSE,W_Case.2029
W_CaseArticle.383,1,2016-12-05 00:00:00,W_KnowledgeArticle.122,TRUE,W_Case.5364
W_CaseArticle.384,1,2017-03-10 00:00:00,W_KnowledgeArticle.654,FALSE,W_Case.1697
W_CaseArticle.385,1,2016-08-24 00:00:00,W_KnowledgeArticle.90,TRUE,W_Case.5031
W_CaseArticle.386,1,2016-08-08 00:00:00,W_KnowledgeArticle.325,FALSE,W_Case.79
W_CaseArticle.387,1,2017-03-23 00:00:00,W_KnowledgeArticle.726,FALSE,W_Case.824
W_CaseArticle.388,1,2016-11-24 00:00:00,W_KnowledgeArticle.650,TRUE,W_Case.1774
W_CaseArticle.389,1,2017-01-26 00:00:00,W_KnowledgeArticle.966,TRUE,W_Case.2229
W_CaseArticle.390,1,2017-01-26 00:00:00,W_KnowledgeArticle.286,FALSE,W_Case.4511
W_CaseArticle.391,1,2016-12-29 00:00:00,W_KnowledgeArticle.567,TRUE,W_Case.4243
W_CaseArticle.392,1,2017-02-21 00:00:00,W_KnowledgeArticle.495,FALSE,W_Case.1839
W_CaseArticle.393,1,2017-03-13 00:00:00,W_KnowledgeArticle.552,FALSE,W_Case.6074
W_CaseArticle.394,1,2016-08-30 00:00:00,W_KnowledgeArticle.126,FALSE,W_Case.5810
W_CaseArticle.395,1,2016-06-05 00:00:00,W_KnowledgeArticle.736,TRUE,W_Case.584
W_CaseArticle.396,1,2016-10-25 00:00:00,W_KnowledgeArticle.308,TRUE,W_Case.6962
W_CaseArticle.397,1,2016-11-09 00:00:00,W_KnowledgeArticle.929,TRUE,W_Case.5033
W_CaseArticle.398,1,2016-09-16 00:00:00,W_KnowledgeArticle.96,TRUE,W_Case.6301
W_CaseArticle.399,1,2016-08-25 00:00:00,W_KnowledgeArticle.374,FALSE,W_Case.1604
W_CaseArticle.400,1,2016-05-05 00:00:00,W_KnowledgeArticle.406,TRUE,W_Case.7072
W_CaseArticle.401,1,2016-12-31 00:00:00,W_KnowledgeArticle.460,TRUE,W_Case.2621
W_CaseArticle.402,1,2016-10-01 00:00:00,W_KnowledgeArticle.581,TRUE,W_Case.3345
W_CaseArticle.403,1,2017-04-03 00:00:00,W_KnowledgeArticle.539,FALSE,W_Case.4515
W_CaseArticle.404,1,2017-03-15 00:00:00,W_KnowledgeArticle.361,TRUE,W_Case.1213
W_CaseArticle.405,1,2016-08-29 00:00:00,W_KnowledgeArticle.411,TRUE,W_Case.3165
W_CaseArticle.406,1,2017-03-11 00:00:00,W_KnowledgeArticle.97,FALSE,W_Case.4157
W_CaseArticle.407,1,2016-11-10 00:00:00,W_KnowledgeArticle.187,FALSE,W_Case.2802
W_CaseArticle.408,1,2016-12-04 00:00:00,W_KnowledgeArticle.72,TRUE,W_Case.4096
W_CaseArticle.409,1,2016-08-11 00:00:00,W_KnowledgeArticle.919,TRUE,W_Case.2307
W_CaseArticle.410,1,2016-09-16 00:00:00,W_KnowledgeArticle.834,TRUE,W_Case.7114
W_CaseArticle.411,1,2016-08-05 00:00:00,W_KnowledgeArticle.260,TRUE,W_Case.4651
W_CaseArticle.412,1,2016-09-02 00:00:00,W_KnowledgeArticle.399,FALSE,W_Case.4606
W_CaseArticle.413,1,2016-09-23 00:00:00,W_KnowledgeArticle.782,TRUE,W_Case.525
W_CaseArticle.414,1,2017-02-18 00:00:00,W_KnowledgeArticle.107,FALSE,W_Case.2808
W_CaseArticle.415,1,2016-07-26 00:00:00,W_KnowledgeArticle.258,FALSE,W_Case.676
W_CaseArticle.416,1,2016-05-18 00:00:00,W_KnowledgeArticle.701,FALSE,W_Case.4696
W_CaseArticle.417,1,2016-07-28 00:00:00,W_KnowledgeArticle.793,FALSE,W_Case.5149
W_CaseArticle.418,1,2017-02-01 00:00:00,W_KnowledgeArticle.247,FALSE,W_Case.2369
W_CaseArticle.419,1,2016-09-28 00:00:00,W_KnowledgeArticle.998,FALSE,W_Case.4568
W_CaseArticle.420,1,2016-08-04 00:00:00,W_KnowledgeArticle.862,TRUE,W_Case.2432
W_CaseArticle.421,1,2016-04-16 00:00:00,W_KnowledgeArticle.640,FALSE,W_Case.152
W_CaseArticle.422,1,2017-02-17 00:00:00,W_KnowledgeArticle.495,TRUE,W_Case.4009
W_CaseArticle.423,1,2016-11-12 00:00:00,W_KnowledgeArticle.523,FALSE,W_Case.690
W_CaseArticle.424,1,2016-06-09 00:00:00,W_KnowledgeArticle.391,TRUE,W_Case.4743
W_CaseArticle.425,1,2016-12-14 00:00:00,W_KnowledgeArticle.278,TRUE,W_Case.4764
W_CaseArticle.426,1,2016-11-11 00:00:00,W_KnowledgeArticle.759,FALSE,W_Case.6798
W_CaseArticle.427,1,2016-11-14 00:00:00,W_KnowledgeArticle.238,FALSE,W_Case.3868
W_CaseArticle.428,1,2016-07-26 00:00:00,W_KnowledgeArticle.612,TRUE,W_Case.3191
W_CaseArticle.429,1,2016-05-08 00:00:00,W_KnowledgeArticle.120,FALSE,W_Case.3882
W_CaseArticle.430,1,2016-12-14 00:00:00,W_KnowledgeArticle.152,FALSE,W_Case.6270
W_CaseArticle.431,1,2016-11-19 00:00:00,W_KnowledgeArticle.761,TRUE,W_Case.2177
W_CaseArticle.432,1,2016-08-15 00:00:00,W_KnowledgeArticle.177,FALSE,W_Case.3028
W_CaseArticle.433,1,2016-10-25 00:00:00,W_KnowledgeArticle.223,TRUE,W_Case.6213
W_CaseArticle.434,1,2016-07-05 00:00:00,W_KnowledgeArticle.547,FALSE,W_Case.3445
W_CaseArticle.435,1,2016-05-20 00:00:00,W_KnowledgeArticle.255,TRUE,W_Case.3232
W_CaseArticle.436,1,2017-03-19 00:00:00,W_KnowledgeArticle.537,FALSE,W_Case.2062
W_CaseArticle.437,1,2017-02-27 00:00:00,W_KnowledgeArticle.292,FALSE,W_Case.5869
W_CaseArticle.438,1,2016-05-14 00:00:00,W_KnowledgeArticle.391,TRUE,W_Case.664
W_CaseArticle.439,1,2017-02-21 00:00:00,W_KnowledgeArticle.794,TRUE,W_Case.5737
W_CaseArticle.440,1,2017-03-30 00:00:00,W_KnowledgeArticle.251,FALSE,W_Case.5003
W_CaseArticle.441,1,2017-02-16 00:00:00,W_KnowledgeArticle.869,TRUE,W_Case.1080
W_CaseArticle.442,1,2016-06-17 00:00:00,W_KnowledgeArticle.357,TRUE,W_Case.5206
W_CaseArticle.443,1,2016-05-14 00:00:00,W_KnowledgeArticle.91,TRUE,W_Case.3908
W_CaseArticle.444,1,2016-05-30 00:00:00,W_KnowledgeArticle.97,FALSE,W_Case.7335
W_CaseArticle.445,1,2017-01-16 00:00:00,W_KnowledgeArticle.322,TRUE,W_Case.5619
W_CaseArticle.446,1,2016-04-22 00:00:00,W_KnowledgeArticle.63,FALSE,W_Case.639
W_CaseArticle.447,1,2016-08-14 00:00:00,W_KnowledgeArticle.375,FALSE,W_Case.7007
W_CaseArticle.448,1,2017-02-26 00:00:00,W_KnowledgeArticle.331,TRUE,W_Case.4384
W_CaseArticle.449,1,2016-04-26 00:00:00,W_KnowledgeArticle.17,FALSE,W_Case.2543
W_CaseArticle.450,1,2016-11-28 00:00:00,W_KnowledgeArticle.96,FALSE,W_Case.3540
W_CaseArticle.451,1,2017-03-16 00:00:00,W_KnowledgeArticle.949,TRUE,W_Case.4519
W_CaseArticle.452,1,2016-12-01 00:00:00,W_KnowledgeArticle.767,FALSE,W_Case.6190
W_CaseArticle.453,1,2016-08-26 00:00:00,W_KnowledgeArticle.131,FALSE,W_Case.3919
W_CaseArticle.454,1,2016-06-03 00:00:00,W_KnowledgeArticle.293,TRUE,W_Case.3494
W_CaseArticle.455,1,2016-11-04 00:00:00,W_KnowledgeArticle.963,TRUE,W_Case.5094
W_CaseArticle.456,1,2016-12-24 00:00:00,W_KnowledgeArticle.432,TRUE,W_Case.3491
W_CaseArticle.457,1,2016-11-23 00:00:00,W_KnowledgeArticle.300,FALSE,W_Case.3877
W_CaseArticle.458,1,2016-09-26 00:00:00,W_KnowledgeArticle.414,FALSE,W_Case.1408
W_CaseArticle.459,1,2016-09-24 00:00:00,W_KnowledgeArticle.964,FALSE,W_Case.6476
W_CaseArticle.460,1,2017-02-15 00:00:00,W_KnowledgeArticle.380,TRUE,W_Case.3616
W_CaseArticle.461,1,2016-07-28 00:00:00,W_KnowledgeArticle.115,TRUE,W_Case.2834
W_CaseArticle.462,1,2016-08-14 00:00:00,W_KnowledgeArticle.595,TRUE,W_Case.652
W_CaseArticle.463,1,2016-05-02 00:00:00,W_KnowledgeArticle.707,FALSE,W_Case.6536
W_CaseArticle.464,1,2016-08-31 00:00:00,W_KnowledgeArticle.731,FALSE,W_Case.1587
W_CaseArticle.465,1,2017-03-09 00:00:00,W_KnowledgeArticle.567,TRUE,W_Case.6033
W_CaseArticle.466,1,2016-05-20 00:00:00,W_KnowledgeArticle.192,TRUE,W_Case.3241
W_CaseArticle.467,1,2016-08-09 00:00:00,W_KnowledgeArticle.613,FALSE,W_Case.622
W_CaseArticle.468,1,2016-05-11 00:00:00,W_KnowledgeArticle.426,FALSE,W_Case.1413
W_CaseArticle.469,1,2016-10-27 00:00:00,W_KnowledgeArticle.971,FALSE,W_Case.3970
W_CaseArticle.470,1,2016-07-20 00:00:00,W_KnowledgeArticle.686,TRUE,W_Case.1138
W_CaseArticle.471,1,2017-01-25 00:00:00,W_KnowledgeArticle.795,TRUE,W_Case.5445
W_CaseArticle.472,1,2016-09-12 00:00:00,W_KnowledgeArticle.98,TRUE,W_Case.5918
W_CaseArticle.473,1,2016-06-30 00:00:00,W_KnowledgeArticle.716,FALSE,W_Case.3753
W_CaseArticle.474,1,2016-08-23 00:00:00,W_KnowledgeArticle.971,FALSE,W_Case.2435
W_CaseArticle.475,1,2017-02-10 00:00:00,W_KnowledgeArticle.899,FALSE,W_Case.6293
W_CaseArticle.476,1,2017-02-25 00:00:00,W_KnowledgeArticle.413,FALSE,W_Case.5452
W_CaseArticle.477,1,2016-06-14 00:00:00,W_KnowledgeArticle.262,TRUE,W_Case.3143
W_CaseArticle.478,1,2016-05-08 00:00:00,W_KnowledgeArticle.133,FALSE,W_Case.562
W_CaseArticle.479,1,2017-02-26 00:00:00,W_KnowledgeArticle.462,TRUE,W_Case.432
W_CaseArticle.480,1,2016-04-26 00:00:00,W_KnowledgeArticle.183,TRUE,W_Case.4158
W_CaseArticle.481,1,2017-02-01 00:00:00,W_KnowledgeArticle.110,TRUE,W_Case.2634
W_CaseArticle.482,1,2016-11-13 00:00:00,W_KnowledgeArticle.279,FALSE,W_Case.2142
W_CaseArticle.483,1,2016-11-11 00:00:00,W_KnowledgeArticle.819,FALSE,W_Case.6768
W_CaseArticle.484,1,2016-07-12 00:00:00,W_KnowledgeArticle.577,TRUE,W_Case.364
W_CaseArticle.485,1,2016-11-13 00:00:00,W_KnowledgeArticle.903,TRUE,W_Case.873
W_CaseArticle.486,1,2016-04-14 00:00:00,W_KnowledgeArticle.87,TRUE,W_Case.2740
W_CaseArticle.487,1,2016-09-29 00:00:00,W_KnowledgeArticle.944,FALSE,W_Case.5203
W_CaseArticle.488,1,2016-07-16 00:00:00,W_KnowledgeArticle.96,TRUE,W_Case.510
W_CaseArticle.489,1,2016-06-24 00:00:00,W_KnowledgeArticle.814,FALSE,W_Case.1227
W_CaseArticle.490,1,2016-09-26 00:00:00,W_KnowledgeArticle.871,FALSE,W_Case.6063
W_CaseArticle.491,1,2016-12-12 00:00:00,W_KnowledgeArticle.472,TRUE,W_Case.3129
W_CaseArticle.492,1,2016-10-03 00:00:00,W_KnowledgeArticle.421,TRUE,W_Case.1423
W_CaseArticle.493,1,2017-03-28 00:00:00,W_KnowledgeArticle.399,FALSE,W_Case.113
W_CaseArticle.494,1,2017-01-03 00:00:00,W_KnowledgeArticle.207,TRUE,W_Case.3767
W_CaseArticle.495,1,2017-03-23 00:00:00,W_KnowledgeArticle.9,FALSE,W_Case.115
W_CaseArticle.496,1,2016-05-09 00:00:00,W_KnowledgeArticle.734,TRUE,W_Case.1225
W_CaseArticle.497,1,2016-07-01 00:00:00,W_KnowledgeArticle.255,FALSE,W_Case.3696
W_CaseArticle.498,1,2016-12-16 00:00:00,W_KnowledgeArticle.308,FALSE,W_Case.5634
W_CaseArticle.499,1,2016-08-19 00:00:00,W_KnowledgeArticle.296,FALSE,W_Case.4539
W_CaseArticle.500,1,2017-04-10 00:00:00,W_KnowledgeArticle.120,FALSE,W_Case.2018
W_CaseArticle.501,1,2017-03-22 00:00:00,W_KnowledgeArticle.559,TRUE,W_Case.4197
W_CaseArticle.502,1,2017-03-20 00:00:00,W_KnowledgeArticle.286,TRUE,W_Case.4814
W_CaseArticle.503,1,2016-08-26 00:00:00,W_KnowledgeArticle.167,FALSE,W_Case.1943
W_CaseArticle.504,1,2017-03-21 00:00:00,W_KnowledgeArticle.126,TRUE,W_Case.5674
W_CaseArticle.505,1,2016-10-10 00:00:00,W_KnowledgeArticle.267,TRUE,W_Case.2348
W_CaseArticle.506,1,2016-08-12 00:00:00,W_KnowledgeArticle.988,TRUE,W_Case.2158
W_CaseArticle.507,1,2016-10-07 00:00:00,W_KnowledgeArticle.8,FALSE,W_Case.111
W_CaseArticle.508,1,2017-02-23 00:00:00,W_KnowledgeArticle.523,TRUE,W_Case.6499
W_CaseArticle.509,1,2016-09-10 00:00:00,W_KnowledgeArticle.442,FALSE,W_Case.3063
W_CaseArticle.510,1,2016-12-31 00:00:00,W_KnowledgeArticle.236,TRUE,W_Case.1008
W_CaseArticle.511,1,2016-08-12 00:00:00,W_KnowledgeArticle.69,TRUE,W_Case.6504
W_CaseArticle.512,1,2016-10-06 00:00:00,W_KnowledgeArticle.612,FALSE,W_Case.1486
W_CaseArticle.513,1,2016-09-02 00:00:00,W_KnowledgeArticle.475,FALSE,W_Case.5305
W_CaseArticle.514,1,2016-04-15 00:00:00,W_KnowledgeArticle.193,TRUE,W_Case.4829
W_CaseArticle.515,1,2017-01-15 00:00:00,W_KnowledgeArticle.79,TRUE,W_Case.3697
W_CaseArticle.516,1,2017-03-27 00:00:00,W_KnowledgeArticle.185,TRUE,W_Case.4752
W_CaseArticle.517,1,2017-01-06 00:00:00,W_KnowledgeArticle.959,FALSE,W_Case.2034
W_CaseArticle.518,1,2016-10-15 00:00:00,W_KnowledgeArticle.612,TRUE,W_Case.3500
W_CaseArticle.519,1,2016-10-11 00:00:00,W_KnowledgeArticle.306,FALSE,W_Case.6514
W_CaseArticle.520,1,2016-12-23 00:00:00,W_KnowledgeArticle.978,FALSE,W_Case.881
W_CaseArticle.521,1,2017-03-17 00:00:00,W_KnowledgeArticle.940,FALSE,W_Case.1665
W_CaseArticle.522,1,2017-02-05 00:00:00,W_KnowledgeArticle.780,FALSE,W_Case.502
W_CaseArticle.523,1,2017-03-18 00:00:00,W_KnowledgeArticle.556,FALSE,W_Case.2743
W_CaseArticle.524,1,2017-03-30 00:00:00,W_KnowledgeArticle.647,TRUE,W_Case.6623
W_CaseArticle.525,1,2017-03-19 00:00:00,W_KnowledgeArticle.647,FALSE,W_Case.7352
W_CaseArticle.526,1,2016-05-01 00:00:00,W_KnowledgeArticle.298,TRUE,W_Case.1360
W_CaseArticle.527,1,2016-12-01 00:00:00,W_KnowledgeArticle.603,FALSE,W_Case.474
W_CaseArticle.528,1,2016-06-27 00:00:00,W_KnowledgeArticle.40,TRUE,W_Case.4308
W_CaseArticle.529,1,2017-03-08 00:00:00,W_KnowledgeArticle.846,TRUE,W_Case.4103
W_CaseArticle.530,1,2016-12-29 00:00:00,W_KnowledgeArticle.447,TRUE,W_Case.3078
W_CaseArticle.531,1,2017-01-21 00:00:00,W_KnowledgeArticle.685,TRUE,W_Case.4878
W_CaseArticle.532,1,2016-08-24 00:00:00,W_KnowledgeArticle.920,TRUE,W_Case.1387
W_CaseArticle.533,1,2016-12-05 00:00:00,W_KnowledgeArticle.87,FALSE,W_Case.814
W_CaseArticle.534,1,2016-05-04 00:00:00,W_KnowledgeArticle.258,TRUE,W_Case.5331
W_CaseArticle.535,1,2016-07-02 00:00:00,W_KnowledgeArticle.849,TRUE,W_Case.4355
W_CaseArticle.536,1,2016-11-23 00:00:00,W_KnowledgeArticle.823,TRUE,W_Case.523
W_CaseArticle.537,1,2016-06-10 00:00:00,W_KnowledgeArticle.191,FALSE,W_Case.4311
W_CaseArticle.538,1,2016-10-31 00:00:00,W_KnowledgeArticle.610,FALSE,W_Case.5607
W_CaseArticle.539,1,2016-04-18 00:00:00,W_KnowledgeArticle.511,FALSE,W_Case.3237
W_CaseArticle.540,1,2017-01-29 00:00:00,W_KnowledgeArticle.163,TRUE,W_Case.3205
W_CaseArticle.541,1,2016-09-10 00:00:00,W_KnowledgeArticle.250,TRUE,W_Case.484
W_CaseArticle.542,1,2017-02-07 00:00:00,W_KnowledgeArticle.612,TRUE,W_Case.5391
W_CaseArticle.543,1,2016-08-08 00:00:00,W_KnowledgeArticle.896,FALSE,W_Case.5867
W_CaseArticle.544,1,2016-05-05 00:00:00,W_KnowledgeArticle.410,TRUE,W_Case.6501
W_CaseArticle.545,1,2016-04-13 00:00:00,W_KnowledgeArticle.617,TRUE,W_Case.4003
W_CaseArticle.546,1,2017-03-12 00:00:00,W_KnowledgeArticle.194,TRUE,W_Case.3586
W_CaseArticle.547,1,2016-11-15 00:00:00,W_KnowledgeArticle.445,TRUE,W_Case.1784
W_CaseArticle.548,1,2016-04-29 00:00:00,W_KnowledgeArticle.463,TRUE,W_Case.1275
W_CaseArticle.549,1,2016-05-01 00:00:00,W_KnowledgeArticle.537,TRUE,W_Case.735
W_CaseArticle.550,1,2016-05-15 00:00:00,W_KnowledgeArticle.896,TRUE,W_Case.5198
W_CaseArticle.551,1,2016-08-10 00:00:00,W_KnowledgeArticle.842,FALSE,W_Case.6399
W_CaseArticle.552,1,2016-06-22 00:00:00,W_KnowledgeArticle.502,FALSE,W_Case.2703
W_CaseArticle.553,1,2016-10-10 00:00:00,W_KnowledgeArticle.979,FALSE,W_Case.4331
W_CaseArticle.554,1,2016-07-06 00:00:00,W_KnowledgeArticle.377,TRUE,W_Case.1758
W_CaseArticle.555,1,2016-08-25 00:00:00,W_KnowledgeArticle.589,FALSE,W_Case.157
W_CaseArticle.556,1,2017-01-06 00:00:00,W_KnowledgeArticle.106,TRUE,W_Case.6815
W_CaseArticle.557,1,2016-05-15 00:00:00,W_KnowledgeArticle.875,TRUE,W_Case.2619
W_CaseArticle.558,1,2016-08-27 00:00:00,W_KnowledgeArticle.856,FALSE,W_Case.5960
W_CaseArticle.559,1,2016-08-22 00:00:00,W_KnowledgeArticle.179,FALSE,W_Case.2976
W_CaseArticle.560,1,2016-05-25 00:00:00,W_KnowledgeArticle.212,TRUE,W_Case.4270
W_CaseArticle.561,1,2017-01-19 00:00:00,W_KnowledgeArticle.195,TRUE,W_Case.4532
W_CaseArticle.562,1,2016-07-26 00:00:00,W_KnowledgeArticle.209,FALSE,W_Case.2196
W_CaseArticle.563,1,2016-04-19 00:00:00,W_KnowledgeArticle.907,FALSE,W_Case.5257
W_CaseArticle.564,1,2017-03-29 00:00:00,W_KnowledgeArticle.16,FALSE,W_Case.3628
W_CaseArticle.565,1,2016-09-04 00:00:00,W_KnowledgeArticle.56,FALSE,W_Case.6374
W_CaseArticle.566,1,2016-07-15 00:00:00,W_KnowledgeArticle.682,FALSE,W_Case.4904
W_CaseArticle.567,1,2016-05-19 00:00:00,W_KnowledgeArticle.495,FALSE,W_Case.1407
W_CaseArticle.568,1,2016-06-09 00:00:00,W_KnowledgeArticle.631,FALSE,W_Case.7039
W_CaseArticle.569,1,2016-09-20 00:00:00,W_KnowledgeArticle.471,FALSE,W_Case.2327
W_CaseArticle.570,1,2016-09-18 00:00:00,W_KnowledgeArticle.76,FALSE,W_Case.3174
W_CaseArticle.571,1,2016-11-22 00:00:00,W_KnowledgeArticle.653,TRUE,W_Case.537
W_CaseArticle.572,1,2017-01-23 00:00:00,W_KnowledgeArticle.290,FALSE,W_Case.2472
W_CaseArticle.573,1,2016-11-27 00:00:00,W_KnowledgeArticle.644,TRUE,W_Case.4409
W_CaseArticle.574,1,2016-09-24 00:00:00,W_KnowledgeArticle.914,FALSE,W_Case.6892
W_CaseArticle.575,1,2016-10-09 00:00:00,W_KnowledgeArticle.583,TRUE,W_Case.4796
W_CaseArticle.576,1,2016-10-26 00:00:00,W_KnowledgeArticle.95,FALSE,W_Case.1521
W_CaseArticle.577,1,2017-03-31 00:00:00,W_KnowledgeArticle.526,FALSE,W_Case.2920
W_CaseArticle.578,1,2016-11-26 00:00:00,W_KnowledgeArticle.390,TRUE,W_Case.1930
W_CaseArticle.579,1,2017-02-28 00:00:00,W_KnowledgeArticle.72,TRUE,W_Case.2228
W_CaseArticle.580,1,2017-02-24 00:00:00,W_KnowledgeArticle.325,FALSE,W_Case.3181
W_CaseArticle.581,1,2016-07-27 00:00:00,W_KnowledgeArticle.5,TRUE,W_Case.7128
W_CaseArticle.582,1,2017-01-02 00:00:00,W_KnowledgeArticle.320,FALSE,W_Case.663
W_CaseArticle.583,1,2016-12-23 00:00:00,W_KnowledgeArticle.899,FALSE,W_Case.285
W_CaseArticle.584,1,2016-07-07 00:00:00,W_KnowledgeArticle.422,FALSE,W_Case.3511
W_CaseArticle.585,1,2016-06-26 00:00:00,W_KnowledgeArticle.124,TRUE,W_Case.1895
W_CaseArticle.586,1,2017-01-12 00:00:00,W_KnowledgeArticle.320,FALSE,W_Case.3433
W_CaseArticle.587,1,2016-05-01 00:00:00,W_KnowledgeArticle.932,FALSE,W_Case.1751
W_CaseArticle.588,1,2016-12-21 00:00:00,W_KnowledgeArticle.803,FALSE,W_Case.4246
W_CaseArticle.589,1,2017-01-11 00:00:00,W_KnowledgeArticle.503,FALSE,W_Case.7371
W_CaseArticle.590,1,2016-05-09 00:00:00,W_KnowledgeArticle.160,TRUE,W_Case.5124
W_CaseArticle.591,1,2017-04-02 00:00:00,W_KnowledgeArticle.318,TRUE,W_Case.1222
W_CaseArticle.592,1,2016-10-14 00:00:00,W_KnowledgeArticle.98,FALSE,W_Case.2323
W_CaseArticle.593,1,2017-03-09 00:00:00,W_KnowledgeArticle.6,FALSE,W_Case.1398
W_CaseArticle.594,1,2016-04-29 00:00:00,W_KnowledgeArticle.625,FALSE,W_Case.6218
W_CaseArticle.595,1,2017-01-12 00:00:00,W_KnowledgeArticle.615,TRUE,W_Case.1703
W_CaseArticle.596,1,2017-02-14 00:00:00,W_KnowledgeArticle.760,TRUE,W_Case.7007
W_CaseArticle.597,1,2016-08-09 00:00:00,W_KnowledgeArticle.676,TRUE,W_Case.6036
W_CaseArticle.598,1,2016-05-11 00:00:00,W_KnowledgeArticle.746,FALSE,W_Case.6663
W_CaseArticle.599,1,2016-05-30 00:00:00,W_KnowledgeArticle.598,TRUE,W_Case.3323
W_CaseArticle.600,1,2016-12-02 00:00:00,W_KnowledgeArticle.389,TRUE,W_Case.3033
W_CaseArticle.601,1,2016-04-13 00:00:00,W_KnowledgeArticle.373,TRUE,W_Case.2456
W_CaseArticle.602,1,2017-04-01 00:00:00,W_KnowledgeArticle.790,TRUE,W_Case.6835
W_CaseArticle.603,1,2017-02-18 00:00:00,W_KnowledgeArticle.813,FALSE,W_Case.4976
W_CaseArticle.604,1,2016-06-30 00:00:00,W_KnowledgeArticle.25,TRUE,W_Case.5131
W_CaseArticle.605,1,2016-08-25 00:00:00,W_KnowledgeArticle.330,TRUE,W_Case.688
W_CaseArticle.606,1,2016-08-09 00:00:00,W_KnowledgeArticle.174,FALSE,W_Case.5779
W_CaseArticle.607,1,2017-01-14 00:00:00,W_KnowledgeArticle.818,TRUE,W_Case.6427
W_CaseArticle.608,1,2016-04-23 00:00:00,W_KnowledgeArticle.351,FALSE,W_Case.4367
W_CaseArticle.609,1,2016-04-25 00:00:00,W_KnowledgeArticle.988,FALSE,W_Case.6909
W_CaseArticle.610,1,2017-02-25 00:00:00,W_KnowledgeArticle.976,FALSE,W_Case.3965
W_CaseArticle.611,1,2016-07-25 00:00:00,W_KnowledgeArticle.7,TRUE,W_Case.7137
W_CaseArticle.612,1,2016-09-15 00:00:00,W_KnowledgeArticle.229,TRUE,W_Case.2021
W_CaseArticle.613,1,2016-09-12 00:00:00,W_KnowledgeArticle.545,FALSE,W_Case.7416
W_CaseArticle.614,1,2016-10-05 00:00:00,W_KnowledgeArticle.537,TRUE,W_Case.7155
W_CaseArticle.615,1,2016-05-11 00:00:00,W_KnowledgeArticle.465,TRUE,W_Case.2668
W_CaseArticle.616,1,2016-07-23 00:00:00,W_KnowledgeArticle.571,FALSE,W_Case.3952
W_CaseArticle.617,1,2017-01-27 00:00:00,W_KnowledgeArticle.394,TRUE,W_Case.5638
W_CaseArticle.618,1,2017-03-26 00:00:00,W_KnowledgeArticle.316,TRUE,W_Case.4155
W_CaseArticle.619,1,2016-10-27 00:00:00,W_KnowledgeArticle.582,FALSE,W_Case.2194
W_CaseArticle.620,1,2016-04-13 00:00:00,W_KnowledgeArticle.977,FALSE,W_Case.3234
W_CaseArticle.621,1,2016-08-06 00:00:00,W_KnowledgeArticle.58,FALSE,W_Case.4853
W_CaseArticle.622,1,2016-11-09 00:00:00,W_KnowledgeArticle.262,FALSE,W_Case.907
W_CaseArticle.623,1,2016-08-29 00:00:00,W_KnowledgeArticle.912,TRUE,W_Case.2082
W_CaseArticle.624,1,2016-11-10 00:00:00,W_KnowledgeArticle.898,TRUE,W_Case.5364
W_CaseArticle.625,1,2016-08-18 00:00:00,W_KnowledgeArticle.507,TRUE,W_Case.4748
W_CaseArticle.626,1,2016-12-16 00:00:00,W_KnowledgeArticle.511,TRUE,W_Case.7194
W_CaseArticle.627,1,2016-08-11 00:00:00,W_KnowledgeArticle.132,FALSE,W_Case.5503
W_CaseArticle.628,1,2016-07-25 00:00:00,W_KnowledgeArticle.597,TRUE,W_Case.5492
W_CaseArticle.629,1,2016-06-23 00:00:00,W_KnowledgeArticle.888,TRUE,W_Case.1522
W_CaseArticle.630,1,2017-03-07 00:00:00,W_KnowledgeArticle.427,FALSE,W_Case.6465
W_CaseArticle.631,1,2016-12-08 00:00:00,W_KnowledgeArticle.777,FALSE,W_Case.323
W_CaseArticle.632,1,2016-10-16 00:00:00,W_KnowledgeArticle.19,FALSE,W_Case.5334
W_CaseArticle.633,1,2017-02-22 00:00:00,W_KnowledgeArticle.708,FALSE,W_Case.7326
W_CaseArticle.634,1,2016-10-15 00:00:00,W_KnowledgeArticle.626,TRUE,W_Case.254
W_CaseArticle.635,1,2016-11-21 00:00:00,W_KnowledgeArticle.111,FALSE,W_Case.118
W_CaseArticle.636,1,2016-10-29 00:00:00,W_KnowledgeArticle.5,TRUE,W_Case.3778
W_CaseArticle.637,1,2016-08-27 00:00:00,W_KnowledgeArticle.32,FALSE,W_Case.6592
W_CaseArticle.638,1,2016-07-11 00:00:00,W_KnowledgeArticle.718,FALSE,W_Case.5214
W_CaseArticle.639,1,2016-10-22 00:00:00,W_KnowledgeArticle.579,FALSE,W_Case.156
W_CaseArticle.640,1,2016-10-08 00:00:00,W_KnowledgeArticle.315,FALSE,W_Case.1726
W_CaseArticle.641,1,2016-10-26 00:00:00,W_KnowledgeArticle.662,TRUE,W_Case.645
W_CaseArticle.642,1,2016-11-27 00:00:00,W_KnowledgeArticle.880,TRUE,W_Case.6173
W_CaseArticle.643,1,2016-05-08 00:00:00,W_KnowledgeArticle.369,TRUE,W_Case.4554
W_CaseArticle.644,1,2016-11-05 00:00:00,W_KnowledgeArticle.386,FALSE,W_Case.6313
W_CaseArticle.645,1,2016-09-24 00:00:00,W_KnowledgeArticle.587,TRUE,W_Case.518
W_CaseArticle.646,1,2016-06-07 00:00:00,W_KnowledgeArticle.115,FALSE,W_Case.895
W_CaseArticle.647,1,2016-08-05 00:00:00,W_KnowledgeArticle.702,FALSE,W_Case.7226
W_CaseArticle.648,1,2016-09-18 00:00:00,W_KnowledgeArticle.731,FALSE,W_Case.3250
W_CaseArticle.649,1,2016-08-15 00:00:00,W_KnowledgeArticle.599,FALSE,W_Case.3250
W_CaseArticle.650,1,2017-03-06 00:00:00,W_KnowledgeArticle.500,TRUE,W_Case.4403
W_CaseArticle.651,1,2017-01-19 00:00:00,W_KnowledgeArticle.611,FALSE,W_Case.1918
W_CaseArticle.652,1,2017-03-05 00:00:00,W_KnowledgeArticle.409,FALSE,W_Case.3796
W_CaseArticle.653,1,2016-04-12 00:00:00,W_KnowledgeArticle.17,TRUE,W_Case.6336
W_CaseArticle.654,1,2016-04-20 00:00:00,W_KnowledgeArticle.352,TRUE,W_Case.2621
W_CaseArticle.655,1,2017-02-06 00:00:00,W_KnowledgeArticle.999,FALSE,W_Case.2859
W_CaseArticle.656,1,2017-01-22 00:00:00,W_KnowledgeArticle.254,FALSE,W_Case.4245
W_CaseArticle.657,1,2016-05-31 00:00:00,W_KnowledgeArticle.195,TRUE,W_Case.5108
W_CaseArticle.658,1,2017-03-17 00:00:00,W_KnowledgeArticle.329,TRUE,W_Case.2238
W_CaseArticle.659,1,2016-10-16 00:00:00,W_KnowledgeArticle.695,TRUE,W_Case.219
W_CaseArticle.660,1,2016-06-22 00:00:00,W_KnowledgeArticle.695,FALSE,W_Case.3136
W_CaseArticle.661,1,2016-06-16 00:00:00,W_KnowledgeArticle.259,FALSE,W_Case.2924
W_CaseArticle.662,1,2016-06-04 00:00:00,W_KnowledgeArticle.630,TRUE,W_Case.6815
W_CaseArticle.663,1,2017-04-10 00:00:00,W_KnowledgeArticle.261,TRUE,W_Case.2512
W_CaseArticle.664,1,2016-11-05 00:00:00,W_KnowledgeArticle.402,TRUE,W_Case.7075
W_CaseArticle.665,1,2016-06-19 00:00:00,W_KnowledgeArticle.335,FALSE,W_Case.4904
W_CaseArticle.666,1,2016-11-23 00:00:00,W_KnowledgeArticle.206,TRUE,W_Case.1823
W_CaseArticle.667,1,2017-04-10 00:00:00,W_KnowledgeArticle.661,TRUE,W_Case.1422
W_CaseArticle.668,1,2016-08-08 00:00:00,W_KnowledgeArticle.404,TRUE,W_Case.5361
W_CaseArticle.669,1,2016-05-02 00:00:00,W_KnowledgeArticle.148,FALSE,W_Case.160
W_CaseArticle.670,1,2017-03-14 00:00:00,W_KnowledgeArticle.738,FALSE,W_Case.5618
W_CaseArticle.671,1,2016-08-03 00:00:00,W_KnowledgeArticle.329,TRUE,W_Case.6950
W_CaseArticle.672,1,2016-12-29 00:00:00,W_KnowledgeArticle.919,FALSE,W_Case.5714
W_CaseArticle.673,1,2016-08-06 00:00:00,W_KnowledgeArticle.558,FALSE,W_Case.2525
W_CaseArticle.674,1,2016-10-01 00:00:00,W_KnowledgeArticle.352,TRUE,W_Case.6889
W_CaseArticle.675,1,2016-09-24 00:00:00,W_KnowledgeArticle.856,FALSE,W_Case.1591
W_CaseArticle.676,1,2016-08-22 00:00:00,W_KnowledgeArticle.938,TRUE,W_Case.5613
W_CaseArticle.677,1,2017-02-14 00:00:00,W_KnowledgeArticle.125,TRUE,W_Case.4370
W_CaseArticle.678,1,2017-01-21 00:00:00,W_KnowledgeArticle.365,TRUE,W_Case.4662
W_CaseArticle.679,1,2016-08-06 00:00:00,W_KnowledgeArticle.199,TRUE,W_Case.6707
W_CaseArticle.680,1,2016-06-27 00:00:00,W_KnowledgeArticle.254,FALSE,W_Case.109
W_CaseArticle.681,1,2016-10-07 00:00:00,W_KnowledgeArticle.257,TRUE,W_Case.566
W_CaseArticle.682,1,2016-04-13 00:00:00,W_KnowledgeArticle.148,FALSE,W_Case.216
W_CaseArticle.683,1,2017-04-09 00:00:00,W_KnowledgeArticle.371,TRUE,W_Case.5668
W_CaseArticle.684,1,2017-02-22 00:00:00,W_KnowledgeArticle.587,FALSE,W_Case.4784
W_CaseArticle.685,1,2016-09-03 00:00:00,W_KnowledgeArticle.995,TRUE,W_Case.1923
W_CaseArticle.686,1,2017-02-07 00:00:00,W_KnowledgeArticle.936,TRUE,W_Case.1995
W_CaseArticle.687,1,2016-09-14 00:00:00,W_KnowledgeArticle.312,TRUE,W_Case.4362
W_CaseArticle.688,1,2017-03-24 00:00:00,W_KnowledgeArticle.62,FALSE,W_Case.1609
W_CaseArticle.689,1,2017-02-23 00:00:00,W_KnowledgeArticle.900,TRUE,W_Case.7308
W_CaseArticle.690,1,2016-05-10 00:00:00,W_KnowledgeArticle.630,FALSE,W_Case.6264
W_CaseArticle.691,1,2017-02-15 00:00:00,W_KnowledgeArticle.744,TRUE,W_Case.171
W_CaseArticle.692,1,2016-09-29 00:00:00,W_KnowledgeArticle.189,FALSE,W_Case.6450
W_CaseArticle.693,1,2017-02-06 00:00:00,W_KnowledgeArticle.841,TRUE,W_Case.1350
W_CaseArticle.694,1,2016-09-02 00:00:00,W_KnowledgeArticle.223,FALSE,W_Case.1403
W_CaseArticle.695,1,2016-08-30 00:00:00,W_KnowledgeArticle.586,FALSE,W_Case.5524
W_CaseArticle.696,1,2016-04-22 00:00:00,W_KnowledgeArticle.274,FALSE,W_Case.4700
W_CaseArticle.697,1,2016-11-18 00:00:00,W_KnowledgeArticle.787,TRUE,W_Case.7288
W_CaseArticle.698,1,2016-10-11 00:00:00,W_KnowledgeArticle.298,FALSE,W_Case.2037
W_CaseArticle.699,1,2016-09-14 00:00:00,W_KnowledgeArticle.284,TRUE,W_Case.3966
W_CaseArticle.700,1,2016-09-09 00:00:00,W_KnowledgeArticle.169,TRUE,W_Case.7085
W_CaseArticle.701,1,2016-08-30 00:00:00,W_KnowledgeArticle.738,FALSE,W_Case.1435
W_CaseArticle.702,1,2016-11-20 00:00:00,W_KnowledgeArticle.956,TRUE,W_Case.6002
W_CaseArticle.703,1,2016-05-22 00:00:00,W_KnowledgeArticle.308,TRUE,W_Case.2729
W_CaseArticle.704,1,2016-11-19 00:00:00,W_KnowledgeArticle.344,FALSE,W_Case.1708
W_CaseArticle.705,1,2016-12-17 00:00:00,W_KnowledgeArticle.599,TRUE,W_Case.510
W_CaseArticle.706,1,2017-02-21 00:00:00,W_KnowledgeArticle.594,TRUE,W_Case.877
W_CaseArticle.707,1,2017-03-10 00:00:00,W_KnowledgeArticle.134,TRUE,W_Case.5378
W_CaseArticle.708,1,2016-12-25 00:00:00,W_KnowledgeArticle.968,FALSE,W_Case.5338
W_CaseArticle.709,1,2017-03-29 00:00:00,W_KnowledgeArticle.359,FALSE,W_Case.335
W_CaseArticle.710,1,2017-01-13 00:00:00,W_KnowledgeArticle.31,FALSE,W_Case.7421
W_CaseArticle.711,1,2017-03-31 00:00:00,W_KnowledgeArticle.676,FALSE,W_Case.2568
W_CaseArticle.712,1,2016-11-23 00:00:00,W_KnowledgeArticle.645,TRUE,W_Case.7216
W_CaseArticle.713,1,2016-08-02 00:00:00,W_KnowledgeArticle.771,FALSE,W_Case.2376
W_CaseArticle.714,1,2016-09-29 00:00:00,W_KnowledgeArticle.248,FALSE,W_Case.3492
W_CaseArticle.715,1,2016-07-06 00:00:00,W_KnowledgeArticle.216,FALSE,W_Case.7158
W_CaseArticle.716,1,2016-10-12 00:00:00,W_KnowledgeArticle.715,TRUE,W_Case.2431
W_CaseArticle.717,1,2016-07-01 00:00:00,W_KnowledgeArticle.314,FALSE,W_Case.6130
W_CaseArticle.718,1,2016-05-22 00:00:00,W_KnowledgeArticle.380,TRUE,W_Case.5884
W_CaseArticle.719,1,2016-07-01 00:00:00,W_KnowledgeArticle.784,TRUE,W_Case.2403
W_CaseArticle.720,1,2016-10-11 00:00:00,W_KnowledgeArticle.374,TRUE,W_Case.1092
W_CaseArticle.721,1,2016-09-11 00:00:00,W_KnowledgeArticle.182,TRUE,W_Case.2482
W_CaseArticle.722,1,2016-07-28 00:00:00,W_KnowledgeArticle.548,FALSE,W_Case.4877
W_CaseArticle.723,1,2017-03-17 00:00:00,W_KnowledgeArticle.364,TRUE,W_Case.7311
W_CaseArticle.724,1,2017-01-21 00:00:00,W_KnowledgeArticle.107,TRUE,W_Case.5030
W_CaseArticle.725,1,2016-07-23 00:00:00,W_KnowledgeArticle.897,FALSE,W_Case.5246
W_CaseArticle.726,1,2016-05-06 00:00:00,W_KnowledgeArticle.866,FALSE,W_Case.2977
W_CaseArticle.727,1,2016-05-06 00:00:00,W_KnowledgeArticle.25,FALSE,W_Case.143
W_CaseArticle.728,1,2017-02-13 00:00:00,W_KnowledgeArticle.432,FALSE,W_Case.1461
W_CaseArticle.729,1,2017-04-05 00:00:00,W_KnowledgeArticle.686,FALSE,W_Case.4658
W_CaseArticle.730,1,2016-05-18 00:00:00,W_KnowledgeArticle.695,FALSE,W_Case.3387
W_CaseArticle.731,1,2016-08-19 00:00:00,W_KnowledgeArticle.878,FALSE,W_Case.2867
W_CaseArticle.732,1,2016-11-19 00:00:00,W_KnowledgeArticle.354,FALSE,W_Case.3010
W_CaseArticle.733,1,2016-07-04 00:00:00,W_KnowledgeArticle.872,FALSE,W_Case.4528
W_CaseArticle.734,1,2016-12-14 00:00:00,W_KnowledgeArticle.313,FALSE,W_Case.5548
W_CaseArticle.735,1,2017-03-27 00:00:00,W_KnowledgeArticle.895,FALSE,W_Case.6655
W_CaseArticle.736,1,2016-08-07 00:00:00,W_KnowledgeArticle.647,FALSE,W_Case.1499
W_CaseArticle.737,1,2017-03-29 00:00:00,W_KnowledgeArticle.90,FALSE,W_Case.1188
W_CaseArticle.738,1,2016-11-20 00:00:00,W_KnowledgeArticle.268,FALSE,W_Case.6071
W_CaseArticle.739,1,2016-10-14 00:00:00,W_KnowledgeArticle.885,TRUE,W_Case.7439
W_CaseArticle.740,1,2016-11-03 00:00:00,W_KnowledgeArticle.410,FALSE,W_Case.3947
W_CaseArticle.741,1,2017-01-06 00:00:00,W_KnowledgeArticle.569,FALSE,W_Case.4172
W_CaseArticle.742,1,2016-09-07 00:00:00,W_KnowledgeArticle.411,FALSE,W_Case.4644
W_CaseArticle.743,1,2016-10-14 00:00:00,W_KnowledgeArticle.849,FALSE,W_Case.7099
W_CaseArticle.744,1,2016-12-01 00:00:00,W_KnowledgeArticle.87,FALSE,W_Case.2308
W_CaseArticle.745,1,2016-04-15 00:00:00,W_KnowledgeArticle.651,TRUE,W_Case.1349
W_CaseArticle.746,1,2017-03-19 00:00:00,W_KnowledgeArticle.147,FALSE,W_Case.328
W_CaseArticle.747,1,2016-11-14 00:00:00,W_KnowledgeArticle.895,FALSE,W_Case.3787
W_CaseArticle.748,1,2016-08-13 00:00:00,W_KnowledgeArticle.43,TRUE,W_Case.3454
W_CaseArticle.749,1,2017-02-04 00:00:00,W_KnowledgeArticle.749,TRUE,W_Case.2422
W_CaseArticle.750,1,2016-05-10 00:00:00,W_KnowledgeArticle.689,TRUE,W_Case.892
W_CaseArticle.751,1,2017-04-09 00:00:00,W_KnowledgeArticle.437,TRUE,W_Case.1199
W_CaseArticle.752,1,2016-10-29 00:00:00,W_KnowledgeArticle.476,TRUE,W_Case.5533
W_CaseArticle.753,1,2017-03-08 00:00:00,W_KnowledgeArticle.251,FALSE,W_Case.2148
W_CaseArticle.754,1,2016-07-21 00:00:00,W_KnowledgeArticle.354,FALSE,W_Case.4190
W_CaseArticle.755,1,2016-09-08 00:00:00,W_KnowledgeArticle.489,TRUE,W_Case.5154
W_CaseArticle.756,1,2017-01-15 00:00:00,W_KnowledgeArticle.173,FALSE,W_Case.4404
W_CaseArticle.757,1,2016-09-07 00:00:00,W_KnowledgeArticle.370,TRUE,W_Case.194
W_CaseArticle.758,1,2016-07-08 00:00:00,W_KnowledgeArticle.944,TRUE,W_Case.4528
W_CaseArticle.759,1,2017-01-02 00:00:00,W_KnowledgeArticle.442,TRUE,W_Case.6781
W_CaseArticle.760,1,2016-07-22 00:00:00,W_KnowledgeArticle.662,TRUE,W_Case.327
W_CaseArticle.761,1,2017-03-02 00:00:00,W_KnowledgeArticle.73,TRUE,W_Case.675
W_CaseArticle.762,1,2016-10-26 00:00:00,W_KnowledgeArticle.129,FALSE,W_Case.4831
W_CaseArticle.763,1,2016-10-23 00:00:00,W_KnowledgeArticle.912,FALSE,W_Case.5200
W_CaseArticle.764,1,2017-02-26 00:00:00,W_KnowledgeArticle.670,FALSE,W_Case.4878
W_CaseArticle.765,1,2016-11-07 00:00:00,W_KnowledgeArticle.61,FALSE,W_Case.7334
W_CaseArticle.766,1,2017-03-12 00:00:00,W_KnowledgeArticle.129,FALSE,W_Case.2816
W_CaseArticle.767,1,2016-04-26 00:00:00,W_KnowledgeArticle.233,TRUE,W_Case.6033
W_CaseArticle.768,1,2016-05-04 00:00:00,W_KnowledgeArticle.273,FALSE,W_Case.6292
W_CaseArticle.769,1,2017-02-25 00:00:00,W_KnowledgeArticle.361,FALSE,W_Case.2238
W_CaseArticle.770,1,2016-09-28 00:00:00,W_KnowledgeArticle.399,TRUE,W_Case.4180
W_CaseArticle.771,1,2016-10-28 00:00:00,W_KnowledgeArticle.295,TRUE,W_Case.6043
W_CaseArticle.772,1,2016-06-11 00:00:00,W_KnowledgeArticle.33,FALSE,W_Case.4906
W_CaseArticle.773,1,2016-09-14 00:00:00,W_KnowledgeArticle.846,TRUE,W_Case.1422
W_CaseArticle.774,1,2017-03-15 00:00:00,W_KnowledgeArticle.899,FALSE,W_Case.7381
W_CaseArticle.775,1,2016-10-05 00:00:00,W_KnowledgeArticle.100,TRUE,W_Case.784
W_CaseArticle.776,1,2016-11-06 00:00:00,W_KnowledgeArticle.167,TRUE,W_Case.3493
W_CaseArticle.777,1,2016-04-30 00:00:00,W_KnowledgeArticle.281,TRUE,W_Case.2044
W_CaseArticle.778,1,2016-08-09 00:00:00,W_KnowledgeArticle.952,FALSE,W_Case.4296
W_CaseArticle.779,1,2016-09-11 00:00:00,W_KnowledgeArticle.519,TRUE,W_Case.3683
W_CaseArticle.780,1,2016-07-08 00:00:00,W_KnowledgeArticle.683,FALSE,W_Case.4025
W_CaseArticle.781,1,2016-06-09 00:00:00,W_KnowledgeArticle.528,FALSE,W_Case.3670
W_CaseArticle.782,1,2016-10-15 00:00:00,W_KnowledgeArticle.690,FALSE,W_Case.6144
W_CaseArticle.783,1,2016-09-30 00:00:00,W_KnowledgeArticle.180,TRUE,W_Case.4740
W_CaseArticle.784,1,2016-06-29 00:00:00,W_KnowledgeArticle.710,FALSE,W_Case.6699
W_CaseArticle.785,1,2016-06-04 00:00:00,W_KnowledgeArticle.420,TRUE,W_Case.2602
W_CaseArticle.786,1,2016-11-27 00:00:00,W_KnowledgeArticle.707,FALSE,W_Case.3281
W_CaseArticle.787,1,2016-12-06 00:00:00,W_KnowledgeArticle.72,FALSE,W_Case.2754
W_CaseArticle.788,1,2016-08-14 00:00:00,W_KnowledgeArticle.899,TRUE,W_Case.7012
W_CaseArticle.789,1,2017-03-07 00:00:00,W_KnowledgeArticle.588,TRUE,W_Case.2500
W_CaseArticle.790,1,2016-05-25 00:00:00,W_KnowledgeArticle.176,TRUE,W_Case.6192
W_CaseArticle.791,1,2016-05-21 00:00:00,W_KnowledgeArticle.19,FALSE,W_Case.5926
W_CaseArticle.792,1,2017-03-06 00:00:00,W_KnowledgeArticle.747,TRUE,W_Case.1411
W_CaseArticle.793,1,2016-12-03 00:00:00,W_KnowledgeArticle.729,FALSE,W_Case.7053
W_CaseArticle.794,1,2016-10-19 00:00:00,W_KnowledgeArticle.500,TRUE,W_Case.4901
W_CaseArticle.795,1,2016-08-28 00:00:00,W_KnowledgeArticle.235,TRUE,W_Case.4107
W_CaseArticle.796,1,2016-06-12 00:00:00,W_KnowledgeArticle.468,FALSE,W_Case.5391
W_CaseArticle.797,1,2016-08-18 00:00:00,W_KnowledgeArticle.107,FALSE,W_Case.6813
W_CaseArticle.798,1,2016-05-21 00:00:00,W_KnowledgeArticle.903,FALSE,W_Case.2100
W_CaseArticle.799,1,2016-06-03 00:00:00,W_KnowledgeArticle.173,TRUE,W_Case.5210
W_CaseArticle.800,1,2016-06-05 00:00:00,W_KnowledgeArticle.107,TRUE,W_Case.5331
W_CaseArticle.801,1,2016-05-07 00:00:00,W_KnowledgeArticle.550,FALSE,W_Case.6162
W_CaseArticle.802,1,2016-08-14 00:00:00,W_KnowledgeArticle.672,TRUE,W_Case.1605
W_CaseArticle.803,1,2017-03-24 00:00:00,W_KnowledgeArticle.766,TRUE,W_Case.6887
W_CaseArticle.804,1,2016-05-21 00:00:00,W_KnowledgeArticle.42,FALSE,W_Case.263
W_CaseArticle.805,1,2016-09-16 00:00:00,W_KnowledgeArticle.233,TRUE,W_Case.1368
W_CaseArticle.806,1,2016-11-13 00:00:00,W_KnowledgeArticle.844,TRUE,W_Case.4884
W_CaseArticle.807,1,2017-03-29 00:00:00,W_KnowledgeArticle.750,FALSE,W_Case.1814
W_CaseArticle.808,1,2016-05-18 00:00:00,W_KnowledgeArticle.460,FALSE,W_Case.6675
W_CaseArticle.809,1,2016-08-25 00:00:00,W_KnowledgeArticle.794,TRUE,W_Case.5638
W_CaseArticle.810,1,2017-02-09 00:00:00,W_KnowledgeArticle.447,FALSE,W_Case.5426
W_CaseArticle.811,1,2016-05-17 00:00:00,W_KnowledgeArticle.292,TRUE,W_Case.6424
W_CaseArticle.812,1,2016-12-15 00:00:00,W_KnowledgeArticle.612,FALSE,W_Case.4108
W_CaseArticle.813,1,2016-06-27 00:00:00,W_KnowledgeArticle.394,FALSE,W_Case.3224
W_CaseArticle.814,1,2016-06-27 00:00:00,W_KnowledgeArticle.523,FALSE,W_Case.5225
W_CaseArticle.815,1,2016-11-25 00:00:00,W_KnowledgeArticle.413,TRUE,W_Case.6190
W_CaseArticle.816,1,2016-07-25 00:00:00,W_KnowledgeArticle.742,TRUE,W_Case.639
W_CaseArticle.817,1,2016-09-14 00:00:00,W_KnowledgeArticle.760,FALSE,W_Case.4026
W_CaseArticle.818,1,2017-01-20 00:00:00,W_KnowledgeArticle.993,TRUE,W_Case.4963
W_CaseArticle.819,1,2016-10-18 00:00:00,W_KnowledgeArticle.885,TRUE,W_Case.795
W_CaseArticle.820,1,2016-11-16 00:00:00,W_KnowledgeArticle.320,TRUE,W_Case.1637
W_CaseArticle.821,1,2017-01-23 00:00:00,W_KnowledgeArticle.162,TRUE,W_Case.7447
W_CaseArticle.822,1,2016-05-12 00:00:00,W_KnowledgeArticle.474,FALSE,W_Case.1951
W_CaseArticle.823,1,2016-05-08 00:00:00,W_KnowledgeArticle.167,FALSE,W_Case.2173
W_CaseArticle.824,1,2016-08-18 00:00:00,W_KnowledgeArticle.113,TRUE,W_Case.3769
W_CaseArticle.825,1,2016-11-03 00:00:00,W_KnowledgeArticle.983,TRUE,W_Case.4214
W_CaseArticle.826,1,2016-07-11 00:00:00,W_KnowledgeArticle.500,TRUE,W_Case.3771
W_CaseArticle.827,1,2017-02-20 00:00:00,W_KnowledgeArticle.938,FALSE,W_Case.3466
W_CaseArticle.828,1,2016-07-28 00:00:00,W_KnowledgeArticle.467,TRUE,W_Case.3316
W_CaseArticle.829,1,2017-02-12 00:00:00,W_KnowledgeArticle.392,FALSE,W_Case.5435
W_CaseArticle.830,1,2016-11-05 00:00:00,W_KnowledgeArticle.15,FALSE,W_Case.1685
W_CaseArticle.831,1,2016-07-28 00:00:00,W_KnowledgeArticle.628,FALSE,W_Case.3583
W_CaseArticle.832,1,2016-05-23 00:00:00,W_KnowledgeArticle.685,TRUE,W_Case.6480
W_CaseArticle.833,1,2016-11-05 00:00:00,W_KnowledgeArticle.768,FALSE,W_Case.2521
W_CaseArticle.834,1,2017-03-18 00:00:00,W_KnowledgeArticle.117,TRUE,W_Case.3368
W_CaseArticle.835,1,2017-02-24 00:00:00,W_KnowledgeArticle.308,TRUE,W_Case.2877
W_CaseArticle.836,1,2017-03-17 00:00:00,W_KnowledgeArticle.748,FALSE,W_Case.3815
W_CaseArticle.837,1,2017-02-27 00:00:00,W_KnowledgeArticle.467,FALSE,W_Case.4964
W_CaseArticle.838,1,2016-11-22 00:00:00,W_KnowledgeArticle.389,TRUE,W_Case.2405
W_CaseArticle.839,1,2016-05-06 00:00:00,W_KnowledgeArticle.35,FALSE,W_Case.5525
W_CaseArticle.840,1,2016-09-28 00:00:00,W_KnowledgeArticle.884,TRUE,W_Case.7003
W_CaseArticle.841,1,2016-08-08 00:00:00,W_KnowledgeArticle.21,TRUE,W_Case.1584
W_CaseArticle.842,1,2016-07-24 00:00:00,W_KnowledgeArticle.620,FALSE,W_Case.6452
W_CaseArticle.843,1,2017-02-11 00:00:00,W_KnowledgeArticle.509,TRUE,W_Case.636
W_CaseArticle.844,1,2016-05-20 00:00:00,W_KnowledgeArticle.198,FALSE,W_Case.6996
W_CaseArticle.845,1,2016-05-15 00:00:00,W_KnowledgeArticle.914,TRUE,W_Case.1895
W_CaseArticle.846,1,2016-12-25 00:00:00,W_KnowledgeArticle.456,FALSE,W_Case.6950
W_CaseArticle.847,1,2016-05-12 00:00:00,W_KnowledgeArticle.779,FALSE,W_Case.4245
W_CaseArticle.848,1,2017-02-19 00:00:00,W_KnowledgeArticle.429,FALSE,W_Case.1839
W_CaseArticle.849,1,2016-12-25 00:00:00,W_KnowledgeArticle.819,FALSE,W_Case.2836
W_CaseArticle.850,1,2016-12-20 00:00:00,W_KnowledgeArticle.57,TRUE,W_Case.4769
W_CaseArticle.851,1,2017-04-05 00:00:00,W_KnowledgeArticle.164,TRUE,W_Case.2992
W_CaseArticle.852,1,2016-12-18 00:00:00,W_KnowledgeArticle.182,FALSE,W_Case.2146
W_CaseArticle.853,1,2016-11-30 00:00:00,W_KnowledgeArticle.457,TRUE,W_Case.3988
W_CaseArticle.854,1,2016-05-14 00:00:00,W_KnowledgeArticle.44,TRUE,W_Case.4562
W_CaseArticle.855,1,2017-02-10 00:00:00,W_KnowledgeArticle.505,FALSE,W_Case.5916
W_CaseArticle.856,1,2016-09-02 00:00:00,W_KnowledgeArticle.897,FALSE,W_Case.5922
W_CaseArticle.857,1,2016-08-20 00:00:00,W_KnowledgeArticle.94,TRUE,W_Case.1295
W_CaseArticle.858,1,2016-07-23 00:00:00,W_KnowledgeArticle.92,FALSE,W_Case.139
W_CaseArticle.859,1,2016-06-09 00:00:00,W_KnowledgeArticle.730,FALSE,W_Case.6105
W_CaseArticle.860,1,2017-01-11 00:00:00,W_KnowledgeArticle.947,FALSE,W_Case.4499
W_CaseArticle.861,1,2016-05-24 00:00:00,W_KnowledgeArticle.520,TRUE,W_Case.6065
W_CaseArticle.862,1,2016-12-23 00:00:00,W_KnowledgeArticle.17,FALSE,W_Case.440
W_CaseArticle.863,1,2017-02-28 00:00:00,W_KnowledgeArticle.3,TRUE,W_Case.1416
W_CaseArticle.864,1,2016-08-22 00:00:00,W_KnowledgeArticle.665,FALSE,W_Case.4467
W_CaseArticle.865,1,2016-08-06 00:00:00,W_KnowledgeArticle.885,FALSE,W_Case.2477
W_CaseArticle.866,1,2016-06-11 00:00:00,W_KnowledgeArticle.357,TRUE,W_Case.1363
W_CaseArticle.867,1,2016-12-26 00:00:00,W_KnowledgeArticle.319,FALSE,W_Case.3579
W_CaseArticle.868,1,2016-07-11 00:00:00,W_KnowledgeArticle.83,FALSE,W_Case.154
W_CaseArticle.869,1,2017-01-06 00:00:00,W_KnowledgeArticle.525,FALSE,W_Case.7409
W_CaseArticle.870,1,2016-04-14 00:00:00,W_KnowledgeArticle.135,TRUE,W_Case.4252
W_CaseArticle.871,1,2016-07-11 00:00:00,W_KnowledgeArticle.748,TRUE,W_Case.4765
W_CaseArticle.872,1,2016-09-02 00:00:00,W_KnowledgeArticle.441,FALSE,W_Case.1106
W_CaseArticle.873,1,2017-02-04 00:00:00,W_KnowledgeArticle.203,FALSE,W_Case.6826
W_CaseArticle.874,1,2016-10-12 00:00:00,W_KnowledgeArticle.784,FALSE,W_Case.1179
W_CaseArticle.875,1,2016-12-28 00:00:00,W_KnowledgeArticle.238,FALSE,W_Case.7256
W_CaseArticle.876,1,2016-10-30 00:00:00,W_KnowledgeArticle.754,TRUE,W_Case.944
