External_Id__c,Parent.External_Id__c,DataCategoryGroupName__c,DataCategoryName__c
W_KCSArticle_DCS.1,W_KCSArticle.1,All,All
W_KCSArticle_DCS.2,W_KCSArticle.2,All,All
W_KCSArticle_DCS.3,W_KCSArticle.3,All,All
W_KCSArticle_DCS.4,W_KCSArticle.4,All,All
W_KCSArticle_DCS.5,W_KCSArticle.5,All,All
W_KCSArticle_DCS.6,W_KCSArticle.6,All,All
W_KCSArticle_DCS.7,W_KCSArticle.7,All,All
W_KCSArticle_DCS.8,W_KCSArticle.8,All,All
W_KCSArticle_DCS.9,W_KCSArticle.9,All,All
W_KCSArticle_DCS.10,W_KCSArticle.10,All,All
W_KCSArticle_DCS.11,W_KCSArticle.11,All,All
W_KCSArticle_DCS.12,W_KCSArticle.12,All,All
W_KCSArticle_DCS.13,W_KCSArticle.13,All,All
W_KCSArticle_DCS.14,W_KCSArticle.14,All,All
W_KCSArticle_DCS.15,W_KCSArticle.15,All,All
W_KCSArticle_DCS.16,W_KCSArticle.16,All,All
W_KCSArticle_DCS.17,W_KCSArticle.17,All,All
W_KCSArticle_DCS.18,W_KCSArticle.18,All,All
W_KCSArticle_DCS.19,W_KCSArticle.19,All,All
W_KCSArticle_DCS.20,W_KCSArticle.20,All,All
W_KCSArticle_DCS.21,W_KCSArticle.21,All,All
W_KCSArticle_DCS.22,W_KCSArticle.22,All,All
W_KCSArticle_DCS.23,W_KCSArticle.23,All,All
W_KCSArticle_DCS.24,W_KCSArticle.24,All,All
W_KCSArticle_DCS.25,W_KCSArticle.25,All,All
W_KCSArticle_DCS.26,W_KCSArticle.26,All,All
W_KCSArticle_DCS.27,W_KCSArticle.27,All,All
W_KCSArticle_DCS.28,W_KCSArticle.28,All,All
W_KCSArticle_DCS.29,W_KCSArticle.29,All,All
W_KCSArticle_DCS.30,W_KCSArticle.30,All,All
W_KCSArticle_DCS.31,W_KCSArticle.31,All,All
W_KCSArticle_DCS.32,W_KCSArticle.32,All,All
W_KCSArticle_DCS.33,W_KCSArticle.33,All,All
W_KCSArticle_DCS.34,W_KCSArticle.34,All,All
W_KCSArticle_DCS.35,W_KCSArticle.35,All,All
W_KCSArticle_DCS.36,W_KCSArticle.36,All,All
W_KCSArticle_DCS.37,W_KCSArticle.37,All,All
W_KCSArticle_DCS.38,W_KCSArticle.38,All,All
W_KCSArticle_DCS.39,W_KCSArticle.39,All,All
W_KCSArticle_DCS.40,W_KCSArticle.40,All,All
W_KCSArticle_DCS.41,W_KCSArticle.41,All,All
W_KCSArticle_DCS.42,W_KCSArticle.42,All,All
W_KCSArticle_DCS.43,W_KCSArticle.43,All,All
W_KCSArticle_DCS.44,W_KCSArticle.44,All,All
W_KCSArticle_DCS.45,W_KCSArticle.45,All,All
W_KCSArticle_DCS.46,W_KCSArticle.46,All,All
W_KCSArticle_DCS.47,W_KCSArticle.47,All,All
W_KCSArticle_DCS.48,W_KCSArticle.48,All,All
W_KCSArticle_DCS.49,W_KCSArticle.49,All,All
W_KCSArticle_DCS.50,W_KCSArticle.50,All,All
W_KCSArticle_DCS.51,W_KCSArticle.51,All,All
W_KCSArticle_DCS.52,W_KCSArticle.52,All,All
W_KCSArticle_DCS.53,W_KCSArticle.53,All,All
W_KCSArticle_DCS.54,W_KCSArticle.54,All,All
W_KCSArticle_DCS.55,W_KCSArticle.55,All,All
W_KCSArticle_DCS.56,W_KCSArticle.56,All,All
W_KCSArticle_DCS.57,W_KCSArticle.57,All,All
W_KCSArticle_DCS.58,W_KCSArticle.58,All,All
W_KCSArticle_DCS.59,W_KCSArticle.59,All,All
W_KCSArticle_DCS.60,W_KCSArticle.60,All,All
W_KCSArticle_DCS.61,W_KCSArticle.61,All,All
W_KCSArticle_DCS.62,W_KCSArticle.62,All,All
W_KCSArticle_DCS.63,W_KCSArticle.63,All,All
W_KCSArticle_DCS.64,W_KCSArticle.64,All,All
W_KCSArticle_DCS.65,W_KCSArticle.65,All,All
W_KCSArticle_DCS.66,W_KCSArticle.66,All,All
W_KCSArticle_DCS.67,W_KCSArticle.67,All,All
W_KCSArticle_DCS.68,W_KCSArticle.68,All,All
W_KCSArticle_DCS.69,W_KCSArticle.69,All,All
W_KCSArticle_DCS.70,W_KCSArticle.70,All,All
W_KCSArticle_DCS.71,W_KCSArticle.71,All,All
W_KCSArticle_DCS.72,W_KCSArticle.72,All,All
W_KCSArticle_DCS.73,W_KCSArticle.73,All,All
W_KCSArticle_DCS.74,W_KCSArticle.74,All,All
W_KCSArticle_DCS.75,W_KCSArticle.75,All,All
W_KCSArticle_DCS.76,W_KCSArticle.76,All,All
W_KCSArticle_DCS.77,W_KCSArticle.77,All,All
W_KCSArticle_DCS.78,W_KCSArticle.78,All,All
W_KCSArticle_DCS.79,W_KCSArticle.79,All,All
W_KCSArticle_DCS.80,W_KCSArticle.80,All,All
W_KCSArticle_DCS.81,W_KCSArticle.81,All,All
W_KCSArticle_DCS.82,W_KCSArticle.82,All,All
W_KCSArticle_DCS.83,W_KCSArticle.83,All,All
W_KCSArticle_DCS.84,W_KCSArticle.84,All,All
W_KCSArticle_DCS.85,W_KCSArticle.85,All,All
W_KCSArticle_DCS.86,W_KCSArticle.86,All,All
W_KCSArticle_DCS.87,W_KCSArticle.87,All,All
W_KCSArticle_DCS.88,W_KCSArticle.88,All,All
W_KCSArticle_DCS.89,W_KCSArticle.89,All,All
W_KCSArticle_DCS.90,W_KCSArticle.90,All,All
W_KCSArticle_DCS.91,W_KCSArticle.91,All,All
W_KCSArticle_DCS.92,W_KCSArticle.92,All,All
W_KCSArticle_DCS.93,W_KCSArticle.93,All,All
W_KCSArticle_DCS.94,W_KCSArticle.94,All,All
W_KCSArticle_DCS.95,W_KCSArticle.95,All,All
W_KCSArticle_DCS.96,W_KCSArticle.96,All,All
W_KCSArticle_DCS.97,W_KCSArticle.97,All,All
W_KCSArticle_DCS.98,W_KCSArticle.98,All,All
W_KCSArticle_DCS.99,W_KCSArticle.99,All,All
W_KCSArticle_DCS.100,W_KCSArticle.100,All,All
W_KCSArticle_DCS.101,W_KCSArticle.101,All,All
W_KCSArticle_DCS.102,W_KCSArticle.102,All,All
W_KCSArticle_DCS.103,W_KCSArticle.103,All,All
W_KCSArticle_DCS.104,W_KCSArticle.104,All,All
W_KCSArticle_DCS.105,W_KCSArticle.105,All,All
W_KCSArticle_DCS.106,W_KCSArticle.106,All,All
W_KCSArticle_DCS.107,W_KCSArticle.107,All,All
W_KCSArticle_DCS.108,W_KCSArticle.108,All,All
W_KCSArticle_DCS.109,W_KCSArticle.109,All,All
W_KCSArticle_DCS.110,W_KCSArticle.110,All,All
W_KCSArticle_DCS.111,W_KCSArticle.111,All,All
W_KCSArticle_DCS.112,W_KCSArticle.112,All,All
W_KCSArticle_DCS.113,W_KCSArticle.113,All,All
W_KCSArticle_DCS.114,W_KCSArticle.114,All,All
W_KCSArticle_DCS.115,W_KCSArticle.115,All,All
W_KCSArticle_DCS.116,W_KCSArticle.116,All,All
W_KCSArticle_DCS.117,W_KCSArticle.117,All,All
W_KCSArticle_DCS.118,W_KCSArticle.118,All,All
W_KCSArticle_DCS.119,W_KCSArticle.119,All,All
W_KCSArticle_DCS.120,W_KCSArticle.120,All,All
W_KCSArticle_DCS.121,W_KCSArticle.121,All,All
W_KCSArticle_DCS.122,W_KCSArticle.122,All,All
W_KCSArticle_DCS.123,W_KCSArticle.123,All,All
W_KCSArticle_DCS.124,W_KCSArticle.124,All,All
W_KCSArticle_DCS.125,W_KCSArticle.125,All,All
W_KCSArticle_DCS.126,W_KCSArticle.126,All,All
W_KCSArticle_DCS.127,W_KCSArticle.127,All,All
W_KCSArticle_DCS.128,W_KCSArticle.128,All,All
W_KCSArticle_DCS.129,W_KCSArticle.129,All,All
W_KCSArticle_DCS.130,W_KCSArticle.130,All,All
W_KCSArticle_DCS.131,W_KCSArticle.131,All,All
W_KCSArticle_DCS.132,W_KCSArticle.132,All,All
W_KCSArticle_DCS.133,W_KCSArticle.133,All,All
W_KCSArticle_DCS.134,W_KCSArticle.134,All,All
W_KCSArticle_DCS.135,W_KCSArticle.135,All,All
W_KCSArticle_DCS.136,W_KCSArticle.136,All,All
W_KCSArticle_DCS.137,W_KCSArticle.137,All,All
W_KCSArticle_DCS.138,W_KCSArticle.138,All,All
W_KCSArticle_DCS.139,W_KCSArticle.139,All,All
W_KCSArticle_DCS.140,W_KCSArticle.140,All,All
W_KCSArticle_DCS.141,W_KCSArticle.141,All,All
W_KCSArticle_DCS.142,W_KCSArticle.142,All,All
W_KCSArticle_DCS.143,W_KCSArticle.143,All,All
W_KCSArticle_DCS.144,W_KCSArticle.144,All,All
W_KCSArticle_DCS.145,W_KCSArticle.145,All,All
W_KCSArticle_DCS.146,W_KCSArticle.146,All,All
W_KCSArticle_DCS.147,W_KCSArticle.147,All,All
W_KCSArticle_DCS.148,W_KCSArticle.148,All,All
W_KCSArticle_DCS.149,W_KCSArticle.149,All,All
W_KCSArticle_DCS.150,W_KCSArticle.150,All,All
W_KCSArticle_DCS.151,W_KCSArticle.151,All,All
W_KCSArticle_DCS.152,W_KCSArticle.152,All,All
W_KCSArticle_DCS.153,W_KCSArticle.153,All,All
W_KCSArticle_DCS.154,W_KCSArticle.154,All,All
W_KCSArticle_DCS.155,W_KCSArticle.155,All,All
W_KCSArticle_DCS.156,W_KCSArticle.156,All,All
W_KCSArticle_DCS.157,W_KCSArticle.157,All,All
W_KCSArticle_DCS.158,W_KCSArticle.158,All,All
W_KCSArticle_DCS.159,W_KCSArticle.159,All,All
W_KCSArticle_DCS.160,W_KCSArticle.160,All,All
W_KCSArticle_DCS.161,W_KCSArticle.161,All,All
W_KCSArticle_DCS.162,W_KCSArticle.162,All,All
W_KCSArticle_DCS.163,W_KCSArticle.163,All,All
W_KCSArticle_DCS.164,W_KCSArticle.164,All,All
W_KCSArticle_DCS.165,W_KCSArticle.165,All,All
W_KCSArticle_DCS.166,W_KCSArticle.166,All,All
W_KCSArticle_DCS.167,W_KCSArticle.167,All,All
W_KCSArticle_DCS.168,W_KCSArticle.168,All,All
W_KCSArticle_DCS.169,W_KCSArticle.169,All,All
W_KCSArticle_DCS.170,W_KCSArticle.170,All,All
W_KCSArticle_DCS.171,W_KCSArticle.171,All,All
W_KCSArticle_DCS.172,W_KCSArticle.172,All,All
W_KCSArticle_DCS.173,W_KCSArticle.173,All,All
W_KCSArticle_DCS.174,W_KCSArticle.174,All,All
W_KCSArticle_DCS.175,W_KCSArticle.175,All,All
W_KCSArticle_DCS.176,W_KCSArticle.176,All,All
W_KCSArticle_DCS.177,W_KCSArticle.177,All,All
W_KCSArticle_DCS.178,W_KCSArticle.178,All,All
W_KCSArticle_DCS.179,W_KCSArticle.179,All,All
W_KCSArticle_DCS.180,W_KCSArticle.180,All,All
W_KCSArticle_DCS.181,W_KCSArticle.181,All,All
W_KCSArticle_DCS.182,W_KCSArticle.182,All,All
W_KCSArticle_DCS.183,W_KCSArticle.183,All,All
W_KCSArticle_DCS.184,W_KCSArticle.184,All,All
W_KCSArticle_DCS.185,W_KCSArticle.185,All,All
W_KCSArticle_DCS.186,W_KCSArticle.186,All,All
W_KCSArticle_DCS.187,W_KCSArticle.187,All,All
W_KCSArticle_DCS.188,W_KCSArticle.188,All,All
W_KCSArticle_DCS.189,W_KCSArticle.189,All,All
W_KCSArticle_DCS.190,W_KCSArticle.190,All,All
W_KCSArticle_DCS.191,W_KCSArticle.191,All,All
W_KCSArticle_DCS.192,W_KCSArticle.192,All,All
W_KCSArticle_DCS.193,W_KCSArticle.193,All,All
W_KCSArticle_DCS.194,W_KCSArticle.194,All,All
W_KCSArticle_DCS.195,W_KCSArticle.195,All,All
W_KCSArticle_DCS.196,W_KCSArticle.196,All,All
W_KCSArticle_DCS.197,W_KCSArticle.197,All,All
W_KCSArticle_DCS.198,W_KCSArticle.198,All,All
W_KCSArticle_DCS.199,W_KCSArticle.199,All,All
W_KCSArticle_DCS.200,W_KCSArticle.200,All,All
W_KCSArticle_DCS.201,W_KCSArticle.201,All,All
W_KCSArticle_DCS.202,W_KCSArticle.202,All,All
W_KCSArticle_DCS.203,W_KCSArticle.203,All,All
W_KCSArticle_DCS.204,W_KCSArticle.204,All,All
W_KCSArticle_DCS.205,W_KCSArticle.205,All,All
W_KCSArticle_DCS.206,W_KCSArticle.206,All,All
W_KCSArticle_DCS.207,W_KCSArticle.207,All,All
W_KCSArticle_DCS.208,W_KCSArticle.208,All,All
W_KCSArticle_DCS.209,W_KCSArticle.209,All,All
W_KCSArticle_DCS.210,W_KCSArticle.210,All,All
W_KCSArticle_DCS.211,W_KCSArticle.211,All,All
W_KCSArticle_DCS.212,W_KCSArticle.212,All,All
W_KCSArticle_DCS.213,W_KCSArticle.213,All,All
W_KCSArticle_DCS.214,W_KCSArticle.214,All,All
W_KCSArticle_DCS.215,W_KCSArticle.215,All,All
W_KCSArticle_DCS.216,W_KCSArticle.216,All,All
W_KCSArticle_DCS.217,W_KCSArticle.217,All,All
W_KCSArticle_DCS.218,W_KCSArticle.218,All,All
W_KCSArticle_DCS.219,W_KCSArticle.219,All,All
W_KCSArticle_DCS.220,W_KCSArticle.220,All,All
W_KCSArticle_DCS.221,W_KCSArticle.221,All,All
W_KCSArticle_DCS.222,W_KCSArticle.222,All,All
W_KCSArticle_DCS.223,W_KCSArticle.223,All,All
W_KCSArticle_DCS.224,W_KCSArticle.224,All,All
W_KCSArticle_DCS.225,W_KCSArticle.225,All,All
W_KCSArticle_DCS.226,W_KCSArticle.226,All,All
W_KCSArticle_DCS.227,W_KCSArticle.227,All,All
W_KCSArticle_DCS.228,W_KCSArticle.228,All,All
W_KCSArticle_DCS.229,W_KCSArticle.229,All,All
W_KCSArticle_DCS.230,W_KCSArticle.230,All,All
W_KCSArticle_DCS.231,W_KCSArticle.231,All,All
W_KCSArticle_DCS.232,W_KCSArticle.232,All,All
W_KCSArticle_DCS.233,W_KCSArticle.233,All,All
W_KCSArticle_DCS.234,W_KCSArticle.234,All,All
W_KCSArticle_DCS.235,W_KCSArticle.235,All,All
W_KCSArticle_DCS.236,W_KCSArticle.236,All,All
W_KCSArticle_DCS.237,W_KCSArticle.237,All,All
W_KCSArticle_DCS.238,W_KCSArticle.238,All,All
W_KCSArticle_DCS.239,W_KCSArticle.239,All,All
W_KCSArticle_DCS.240,W_KCSArticle.240,All,All
W_KCSArticle_DCS.241,W_KCSArticle.241,All,All
W_KCSArticle_DCS.242,W_KCSArticle.242,All,All
W_KCSArticle_DCS.243,W_KCSArticle.243,All,All
W_KCSArticle_DCS.244,W_KCSArticle.244,All,All
W_KCSArticle_DCS.245,W_KCSArticle.245,All,All
W_KCSArticle_DCS.246,W_KCSArticle.246,All,All
W_KCSArticle_DCS.247,W_KCSArticle.247,All,All
W_KCSArticle_DCS.248,W_KCSArticle.248,All,All
W_KCSArticle_DCS.249,W_KCSArticle.249,All,All
W_KCSArticle_DCS.250,W_KCSArticle.250,All,All
W_KCSArticle_DCS.251,W_KCSArticle.251,All,All
W_KCSArticle_DCS.252,W_KCSArticle.252,All,All
W_KCSArticle_DCS.253,W_KCSArticle.253,All,All
W_KCSArticle_DCS.254,W_KCSArticle.254,All,All
W_KCSArticle_DCS.255,W_KCSArticle.255,All,All
W_KCSArticle_DCS.256,W_KCSArticle.256,All,All
W_KCSArticle_DCS.257,W_KCSArticle.257,All,All
W_KCSArticle_DCS.258,W_KCSArticle.258,All,All
W_KCSArticle_DCS.259,W_KCSArticle.259,All,All
W_KCSArticle_DCS.260,W_KCSArticle.260,All,All
W_KCSArticle_DCS.261,W_KCSArticle.261,All,All
W_KCSArticle_DCS.262,W_KCSArticle.262,All,All
W_KCSArticle_DCS.263,W_KCSArticle.263,All,All
W_KCSArticle_DCS.264,W_KCSArticle.264,All,All
W_KCSArticle_DCS.265,W_KCSArticle.265,All,All
W_KCSArticle_DCS.266,W_KCSArticle.266,All,All
W_KCSArticle_DCS.267,W_KCSArticle.267,All,All
W_KCSArticle_DCS.268,W_KCSArticle.268,All,All
W_KCSArticle_DCS.269,W_KCSArticle.269,All,All
W_KCSArticle_DCS.270,W_KCSArticle.270,All,All
W_KCSArticle_DCS.271,W_KCSArticle.271,All,All
W_KCSArticle_DCS.272,W_KCSArticle.272,All,All
W_KCSArticle_DCS.273,W_KCSArticle.273,All,All
W_KCSArticle_DCS.274,W_KCSArticle.274,All,All
W_KCSArticle_DCS.275,W_KCSArticle.275,All,All
W_KCSArticle_DCS.276,W_KCSArticle.276,All,All
W_KCSArticle_DCS.277,W_KCSArticle.277,All,All
W_KCSArticle_DCS.278,W_KCSArticle.278,All,All
W_KCSArticle_DCS.279,W_KCSArticle.279,All,All
W_KCSArticle_DCS.280,W_KCSArticle.280,All,All
W_KCSArticle_DCS.281,W_KCSArticle.281,All,All
W_KCSArticle_DCS.282,W_KCSArticle.282,All,All
W_KCSArticle_DCS.283,W_KCSArticle.283,All,All
W_KCSArticle_DCS.284,W_KCSArticle.284,All,All
W_KCSArticle_DCS.285,W_KCSArticle.285,All,All
W_KCSArticle_DCS.286,W_KCSArticle.286,All,All
W_KCSArticle_DCS.287,W_KCSArticle.287,All,All
W_KCSArticle_DCS.288,W_KCSArticle.288,All,All
W_KCSArticle_DCS.289,W_KCSArticle.289,All,All
W_KCSArticle_DCS.290,W_KCSArticle.290,All,All
W_KCSArticle_DCS.291,W_KCSArticle.291,All,All
W_KCSArticle_DCS.292,W_KCSArticle.292,All,All
W_KCSArticle_DCS.293,W_KCSArticle.293,All,All
W_KCSArticle_DCS.294,W_KCSArticle.294,All,All
W_KCSArticle_DCS.295,W_KCSArticle.295,All,All
W_KCSArticle_DCS.296,W_KCSArticle.296,All,All
W_KCSArticle_DCS.297,W_KCSArticle.297,All,All
W_KCSArticle_DCS.298,W_KCSArticle.298,All,All
W_KCSArticle_DCS.299,W_KCSArticle.299,All,All
W_KCSArticle_DCS.300,W_KCSArticle.300,All,All
W_KCSArticle_DCS.301,W_KCSArticle.301,All,All
W_KCSArticle_DCS.302,W_KCSArticle.302,All,All
W_KCSArticle_DCS.303,W_KCSArticle.303,All,All
W_KCSArticle_DCS.304,W_KCSArticle.304,All,All
W_KCSArticle_DCS.305,W_KCSArticle.305,All,All
W_KCSArticle_DCS.306,W_KCSArticle.306,All,All
W_KCSArticle_DCS.307,W_KCSArticle.307,All,All
W_KCSArticle_DCS.308,W_KCSArticle.308,All,All
W_KCSArticle_DCS.309,W_KCSArticle.309,All,All
W_KCSArticle_DCS.310,W_KCSArticle.310,All,All
W_KCSArticle_DCS.311,W_KCSArticle.311,All,All
W_KCSArticle_DCS.312,W_KCSArticle.312,All,All
W_KCSArticle_DCS.313,W_KCSArticle.313,All,All
W_KCSArticle_DCS.314,W_KCSArticle.314,All,All
W_KCSArticle_DCS.315,W_KCSArticle.315,All,All
W_KCSArticle_DCS.316,W_KCSArticle.316,All,All
W_KCSArticle_DCS.317,W_KCSArticle.317,All,All
W_KCSArticle_DCS.318,W_KCSArticle.318,All,All
W_KCSArticle_DCS.319,W_KCSArticle.319,All,All
W_KCSArticle_DCS.320,W_KCSArticle.320,All,All
W_KCSArticle_DCS.321,W_KCSArticle.321,All,All
W_KCSArticle_DCS.322,W_KCSArticle.322,All,All
W_KCSArticle_DCS.323,W_KCSArticle.323,All,All
W_KCSArticle_DCS.324,W_KCSArticle.324,All,All
W_KCSArticle_DCS.325,W_KCSArticle.325,All,All
W_KCSArticle_DCS.326,W_KCSArticle.326,All,All
W_KCSArticle_DCS.327,W_KCSArticle.327,All,All
W_KCSArticle_DCS.328,W_KCSArticle.328,All,All
W_KCSArticle_DCS.329,W_KCSArticle.329,All,All
W_KCSArticle_DCS.330,W_KCSArticle.330,All,All
W_KCSArticle_DCS.331,W_KCSArticle.331,All,All
W_KCSArticle_DCS.332,W_KCSArticle.332,All,All
W_KCSArticle_DCS.333,W_KCSArticle.333,All,All
W_KCSArticle_DCS.334,W_KCSArticle.334,All,All
W_KCSArticle_DCS.335,W_KCSArticle.335,All,All
W_KCSArticle_DCS.336,W_KCSArticle.336,All,All
W_KCSArticle_DCS.337,W_KCSArticle.337,All,All
W_KCSArticle_DCS.338,W_KCSArticle.338,All,All
W_KCSArticle_DCS.339,W_KCSArticle.339,All,All
W_KCSArticle_DCS.340,W_KCSArticle.340,All,All
W_KCSArticle_DCS.341,W_KCSArticle.341,All,All
W_KCSArticle_DCS.342,W_KCSArticle.342,All,All
W_KCSArticle_DCS.343,W_KCSArticle.343,All,All
W_KCSArticle_DCS.344,W_KCSArticle.344,All,All
W_KCSArticle_DCS.345,W_KCSArticle.345,All,All
W_KCSArticle_DCS.346,W_KCSArticle.346,All,All
W_KCSArticle_DCS.347,W_KCSArticle.347,All,All
W_KCSArticle_DCS.348,W_KCSArticle.348,All,All
W_KCSArticle_DCS.349,W_KCSArticle.349,All,All
W_KCSArticle_DCS.350,W_KCSArticle.350,All,All
W_KCSArticle_DCS.351,W_KCSArticle.351,All,All
W_KCSArticle_DCS.352,W_KCSArticle.352,All,All
W_KCSArticle_DCS.353,W_KCSArticle.353,All,All
W_KCSArticle_DCS.354,W_KCSArticle.354,All,All
W_KCSArticle_DCS.355,W_KCSArticle.355,All,All
W_KCSArticle_DCS.356,W_KCSArticle.356,All,All
W_KCSArticle_DCS.357,W_KCSArticle.357,All,All
W_KCSArticle_DCS.358,W_KCSArticle.358,All,All
W_KCSArticle_DCS.359,W_KCSArticle.359,All,All
W_KCSArticle_DCS.360,W_KCSArticle.360,All,All
W_KCSArticle_DCS.361,W_KCSArticle.361,All,All
W_KCSArticle_DCS.362,W_KCSArticle.362,All,All
W_KCSArticle_DCS.363,W_KCSArticle.363,All,All
W_KCSArticle_DCS.364,W_KCSArticle.364,All,All
W_KCSArticle_DCS.365,W_KCSArticle.365,All,All
W_KCSArticle_DCS.366,W_KCSArticle.366,All,All
W_KCSArticle_DCS.367,W_KCSArticle.367,All,All
W_KCSArticle_DCS.368,W_KCSArticle.368,All,All
W_KCSArticle_DCS.369,W_KCSArticle.369,All,All
W_KCSArticle_DCS.370,W_KCSArticle.370,All,All
W_KCSArticle_DCS.371,W_KCSArticle.371,All,All
W_KCSArticle_DCS.372,W_KCSArticle.372,All,All
W_KCSArticle_DCS.373,W_KCSArticle.373,All,All
W_KCSArticle_DCS.374,W_KCSArticle.374,All,All
W_KCSArticle_DCS.375,W_KCSArticle.375,All,All
W_KCSArticle_DCS.376,W_KCSArticle.376,All,All
W_KCSArticle_DCS.377,W_KCSArticle.377,All,All
W_KCSArticle_DCS.378,W_KCSArticle.378,All,All
W_KCSArticle_DCS.379,W_KCSArticle.379,All,All
W_KCSArticle_DCS.380,W_KCSArticle.380,All,All
W_KCSArticle_DCS.381,W_KCSArticle.381,All,All
W_KCSArticle_DCS.382,W_KCSArticle.382,All,All
W_KCSArticle_DCS.383,W_KCSArticle.383,All,All
W_KCSArticle_DCS.384,W_KCSArticle.384,All,All
W_KCSArticle_DCS.385,W_KCSArticle.385,All,All
W_KCSArticle_DCS.386,W_KCSArticle.386,All,All
W_KCSArticle_DCS.387,W_KCSArticle.387,All,All
W_KCSArticle_DCS.388,W_KCSArticle.388,All,All
W_KCSArticle_DCS.389,W_KCSArticle.389,All,All
W_KCSArticle_DCS.390,W_KCSArticle.390,All,All
W_KCSArticle_DCS.391,W_KCSArticle.391,All,All
W_KCSArticle_DCS.392,W_KCSArticle.392,All,All
W_KCSArticle_DCS.393,W_KCSArticle.393,All,All
W_KCSArticle_DCS.394,W_KCSArticle.394,All,All
W_KCSArticle_DCS.395,W_KCSArticle.395,All,All
W_KCSArticle_DCS.396,W_KCSArticle.396,All,All
W_KCSArticle_DCS.397,W_KCSArticle.397,All,All
W_KCSArticle_DCS.398,W_KCSArticle.398,All,All
W_KCSArticle_DCS.399,W_KCSArticle.399,All,All
W_KCSArticle_DCS.400,W_KCSArticle.400,All,All
W_KCSArticle_DCS.401,W_KCSArticle.401,All,All
W_KCSArticle_DCS.402,W_KCSArticle.402,All,All
W_KCSArticle_DCS.403,W_KCSArticle.403,All,All
W_KCSArticle_DCS.404,W_KCSArticle.404,All,All
W_KCSArticle_DCS.405,W_KCSArticle.405,All,All
W_KCSArticle_DCS.406,W_KCSArticle.406,All,All
W_KCSArticle_DCS.407,W_KCSArticle.407,All,All
W_KCSArticle_DCS.408,W_KCSArticle.408,All,All
W_KCSArticle_DCS.409,W_KCSArticle.409,All,All
W_KCSArticle_DCS.410,W_KCSArticle.410,All,All
W_KCSArticle_DCS.411,W_KCSArticle.411,All,All
W_KCSArticle_DCS.412,W_KCSArticle.412,All,All
W_KCSArticle_DCS.413,W_KCSArticle.413,All,All
W_KCSArticle_DCS.414,W_KCSArticle.414,All,All
W_KCSArticle_DCS.415,W_KCSArticle.415,All,All
W_KCSArticle_DCS.416,W_KCSArticle.416,All,All
W_KCSArticle_DCS.417,W_KCSArticle.417,All,All
W_KCSArticle_DCS.418,W_KCSArticle.418,All,All
W_KCSArticle_DCS.419,W_KCSArticle.419,All,All
W_KCSArticle_DCS.420,W_KCSArticle.420,All,All
W_KCSArticle_DCS.421,W_KCSArticle.421,All,All
W_KCSArticle_DCS.422,W_KCSArticle.422,All,All
W_KCSArticle_DCS.423,W_KCSArticle.423,All,All
W_KCSArticle_DCS.424,W_KCSArticle.424,All,All
W_KCSArticle_DCS.425,W_KCSArticle.425,All,All
W_KCSArticle_DCS.426,W_KCSArticle.426,All,All
W_KCSArticle_DCS.427,W_KCSArticle.427,All,All
W_KCSArticle_DCS.428,W_KCSArticle.428,All,All
W_KCSArticle_DCS.429,W_KCSArticle.429,All,All
W_KCSArticle_DCS.430,W_KCSArticle.430,All,All
W_KCSArticle_DCS.431,W_KCSArticle.431,All,All
W_KCSArticle_DCS.432,W_KCSArticle.432,All,All
W_KCSArticle_DCS.433,W_KCSArticle.433,All,All
W_KCSArticle_DCS.434,W_KCSArticle.434,All,All
W_KCSArticle_DCS.435,W_KCSArticle.435,All,All
W_KCSArticle_DCS.436,W_KCSArticle.436,All,All
W_KCSArticle_DCS.437,W_KCSArticle.437,All,All
W_KCSArticle_DCS.438,W_KCSArticle.438,All,All
W_KCSArticle_DCS.439,W_KCSArticle.439,All,All
W_KCSArticle_DCS.440,W_KCSArticle.440,All,All
W_KCSArticle_DCS.441,W_KCSArticle.441,All,All
W_KCSArticle_DCS.442,W_KCSArticle.442,All,All
W_KCSArticle_DCS.443,W_KCSArticle.443,All,All
W_KCSArticle_DCS.444,W_KCSArticle.444,All,All
W_KCSArticle_DCS.445,W_KCSArticle.445,All,All
W_KCSArticle_DCS.446,W_KCSArticle.446,All,All
W_KCSArticle_DCS.447,W_KCSArticle.447,All,All
W_KCSArticle_DCS.448,W_KCSArticle.448,All,All
W_KCSArticle_DCS.449,W_KCSArticle.449,All,All
W_KCSArticle_DCS.450,W_KCSArticle.450,All,All
W_KCSArticle_DCS.451,W_KCSArticle.451,All,All
W_KCSArticle_DCS.452,W_KCSArticle.452,All,All
W_KCSArticle_DCS.453,W_KCSArticle.453,All,All
W_KCSArticle_DCS.454,W_KCSArticle.454,All,All
W_KCSArticle_DCS.455,W_KCSArticle.455,All,All
W_KCSArticle_DCS.456,W_KCSArticle.456,All,All
W_KCSArticle_DCS.457,W_KCSArticle.457,All,All
W_KCSArticle_DCS.458,W_KCSArticle.458,All,All
W_KCSArticle_DCS.459,W_KCSArticle.459,All,All
W_KCSArticle_DCS.460,W_KCSArticle.460,All,All
W_KCSArticle_DCS.461,W_KCSArticle.461,All,All
W_KCSArticle_DCS.462,W_KCSArticle.462,All,All
W_KCSArticle_DCS.463,W_KCSArticle.463,All,All
W_KCSArticle_DCS.464,W_KCSArticle.464,All,All
W_KCSArticle_DCS.465,W_KCSArticle.465,All,All
W_KCSArticle_DCS.466,W_KCSArticle.466,All,All
W_KCSArticle_DCS.467,W_KCSArticle.467,All,All
W_KCSArticle_DCS.468,W_KCSArticle.468,All,All
W_KCSArticle_DCS.469,W_KCSArticle.469,All,All
W_KCSArticle_DCS.470,W_KCSArticle.470,All,All
W_KCSArticle_DCS.471,W_KCSArticle.471,All,All
W_KCSArticle_DCS.472,W_KCSArticle.472,All,All
W_KCSArticle_DCS.473,W_KCSArticle.473,All,All
W_KCSArticle_DCS.474,W_KCSArticle.474,All,All
W_KCSArticle_DCS.475,W_KCSArticle.475,All,All
W_KCSArticle_DCS.476,W_KCSArticle.476,All,All
W_KCSArticle_DCS.477,W_KCSArticle.477,All,All
W_KCSArticle_DCS.478,W_KCSArticle.478,All,All
W_KCSArticle_DCS.479,W_KCSArticle.479,All,All
W_KCSArticle_DCS.480,W_KCSArticle.480,All,All
W_KCSArticle_DCS.481,W_KCSArticle.481,All,All
W_KCSArticle_DCS.482,W_KCSArticle.482,All,All
W_KCSArticle_DCS.483,W_KCSArticle.483,All,All
W_KCSArticle_DCS.484,W_KCSArticle.484,All,All
W_KCSArticle_DCS.485,W_KCSArticle.485,All,All
W_KCSArticle_DCS.486,W_KCSArticle.486,All,All
W_KCSArticle_DCS.487,W_KCSArticle.487,All,All
W_KCSArticle_DCS.488,W_KCSArticle.488,All,All
W_KCSArticle_DCS.489,W_KCSArticle.489,All,All
W_KCSArticle_DCS.490,W_KCSArticle.490,All,All
W_KCSArticle_DCS.491,W_KCSArticle.491,All,All
W_KCSArticle_DCS.492,W_KCSArticle.492,All,All
W_KCSArticle_DCS.493,W_KCSArticle.493,All,All
W_KCSArticle_DCS.494,W_KCSArticle.494,All,All
W_KCSArticle_DCS.495,W_KCSArticle.495,All,All
W_KCSArticle_DCS.496,W_KCSArticle.496,All,All
W_KCSArticle_DCS.497,W_KCSArticle.497,All,All
W_KCSArticle_DCS.498,W_KCSArticle.498,All,All
W_KCSArticle_DCS.499,W_KCSArticle.499,All,All
W_KCSArticle_DCS.500,W_KCSArticle.500,All,All
W_KCSArticle_DCS.501,W_KCSArticle.501,All,All
W_KCSArticle_DCS.502,W_KCSArticle.502,All,All
W_KCSArticle_DCS.503,W_KCSArticle.503,All,All
W_KCSArticle_DCS.504,W_KCSArticle.504,All,All
W_KCSArticle_DCS.505,W_KCSArticle.505,All,All
W_KCSArticle_DCS.506,W_KCSArticle.506,All,All
W_KCSArticle_DCS.507,W_KCSArticle.507,All,All
W_KCSArticle_DCS.508,W_KCSArticle.508,All,All
W_KCSArticle_DCS.509,W_KCSArticle.509,All,All
W_KCSArticle_DCS.510,W_KCSArticle.510,All,All
W_KCSArticle_DCS.511,W_KCSArticle.511,All,All
W_KCSArticle_DCS.512,W_KCSArticle.512,All,All
W_KCSArticle_DCS.513,W_KCSArticle.513,All,All
W_KCSArticle_DCS.514,W_KCSArticle.514,All,All
W_KCSArticle_DCS.515,W_KCSArticle.515,All,All
W_KCSArticle_DCS.516,W_KCSArticle.516,All,All
W_KCSArticle_DCS.517,W_KCSArticle.517,All,All
W_KCSArticle_DCS.518,W_KCSArticle.518,All,All
W_KCSArticle_DCS.519,W_KCSArticle.519,All,All
W_KCSArticle_DCS.520,W_KCSArticle.520,All,All
W_KCSArticle_DCS.521,W_KCSArticle.521,All,All
W_KCSArticle_DCS.522,W_KCSArticle.522,All,All
W_KCSArticle_DCS.523,W_KCSArticle.523,All,All
W_KCSArticle_DCS.524,W_KCSArticle.524,All,All
W_KCSArticle_DCS.525,W_KCSArticle.525,All,All
W_KCSArticle_DCS.526,W_KCSArticle.526,All,All
W_KCSArticle_DCS.527,W_KCSArticle.527,All,All
W_KCSArticle_DCS.528,W_KCSArticle.528,All,All
W_KCSArticle_DCS.529,W_KCSArticle.529,All,All
W_KCSArticle_DCS.530,W_KCSArticle.530,All,All
W_KCSArticle_DCS.531,W_KCSArticle.531,All,All
W_KCSArticle_DCS.532,W_KCSArticle.532,All,All
W_KCSArticle_DCS.533,W_KCSArticle.533,All,All
W_KCSArticle_DCS.534,W_KCSArticle.534,All,All
W_KCSArticle_DCS.535,W_KCSArticle.535,All,All
W_KCSArticle_DCS.536,W_KCSArticle.536,All,All
W_KCSArticle_DCS.537,W_KCSArticle.537,All,All
W_KCSArticle_DCS.538,W_KCSArticle.538,All,All
W_KCSArticle_DCS.539,W_KCSArticle.539,All,All
W_KCSArticle_DCS.540,W_KCSArticle.540,All,All
W_KCSArticle_DCS.541,W_KCSArticle.541,All,All
W_KCSArticle_DCS.542,W_KCSArticle.542,All,All
W_KCSArticle_DCS.543,W_KCSArticle.543,All,All
W_KCSArticle_DCS.544,W_KCSArticle.544,All,All
W_KCSArticle_DCS.545,W_KCSArticle.545,All,All
W_KCSArticle_DCS.546,W_KCSArticle.546,All,All
W_KCSArticle_DCS.547,W_KCSArticle.547,All,All
W_KCSArticle_DCS.548,W_KCSArticle.548,All,All
W_KCSArticle_DCS.549,W_KCSArticle.549,All,All
W_KCSArticle_DCS.550,W_KCSArticle.550,All,All
W_KCSArticle_DCS.551,W_KCSArticle.551,All,All
W_KCSArticle_DCS.552,W_KCSArticle.552,All,All
W_KCSArticle_DCS.553,W_KCSArticle.553,All,All
W_KCSArticle_DCS.554,W_KCSArticle.554,All,All
W_KCSArticle_DCS.555,W_KCSArticle.555,All,All
W_KCSArticle_DCS.556,W_KCSArticle.556,All,All
W_KCSArticle_DCS.557,W_KCSArticle.557,All,All
W_KCSArticle_DCS.558,W_KCSArticle.558,All,All
W_KCSArticle_DCS.559,W_KCSArticle.559,All,All
W_KCSArticle_DCS.560,W_KCSArticle.560,All,All
W_KCSArticle_DCS.561,W_KCSArticle.561,All,All
W_KCSArticle_DCS.562,W_KCSArticle.562,All,All
W_KCSArticle_DCS.563,W_KCSArticle.563,All,All
W_KCSArticle_DCS.564,W_KCSArticle.564,All,All
W_KCSArticle_DCS.565,W_KCSArticle.565,All,All
W_KCSArticle_DCS.566,W_KCSArticle.566,All,All
W_KCSArticle_DCS.567,W_KCSArticle.567,All,All
W_KCSArticle_DCS.568,W_KCSArticle.568,All,All
W_KCSArticle_DCS.569,W_KCSArticle.569,All,All
W_KCSArticle_DCS.570,W_KCSArticle.570,All,All
W_KCSArticle_DCS.571,W_KCSArticle.571,All,All
W_KCSArticle_DCS.572,W_KCSArticle.572,All,All
W_KCSArticle_DCS.573,W_KCSArticle.573,All,All
W_KCSArticle_DCS.574,W_KCSArticle.574,All,All
W_KCSArticle_DCS.575,W_KCSArticle.575,All,All
W_KCSArticle_DCS.576,W_KCSArticle.576,All,All
W_KCSArticle_DCS.577,W_KCSArticle.577,All,All
W_KCSArticle_DCS.578,W_KCSArticle.578,All,All
W_KCSArticle_DCS.579,W_KCSArticle.579,All,All
W_KCSArticle_DCS.580,W_KCSArticle.580,All,All
W_KCSArticle_DCS.581,W_KCSArticle.581,All,All
W_KCSArticle_DCS.582,W_KCSArticle.582,All,All
W_KCSArticle_DCS.583,W_KCSArticle.583,All,All
W_KCSArticle_DCS.584,W_KCSArticle.584,All,All
W_KCSArticle_DCS.585,W_KCSArticle.585,All,All
W_KCSArticle_DCS.586,W_KCSArticle.586,All,All
W_KCSArticle_DCS.587,W_KCSArticle.587,All,All
W_KCSArticle_DCS.588,W_KCSArticle.588,All,All
W_KCSArticle_DCS.589,W_KCSArticle.589,All,All
W_KCSArticle_DCS.590,W_KCSArticle.590,All,All
W_KCSArticle_DCS.591,W_KCSArticle.591,All,All
W_KCSArticle_DCS.592,W_KCSArticle.592,All,All
W_KCSArticle_DCS.593,W_KCSArticle.593,All,All
W_KCSArticle_DCS.594,W_KCSArticle.594,All,All
W_KCSArticle_DCS.595,W_KCSArticle.595,All,All
W_KCSArticle_DCS.596,W_KCSArticle.596,All,All
W_KCSArticle_DCS.597,W_KCSArticle.597,All,All
W_KCSArticle_DCS.598,W_KCSArticle.598,All,All
W_KCSArticle_DCS.599,W_KCSArticle.599,All,All
W_KCSArticle_DCS.600,W_KCSArticle.600,All,All
W_KCSArticle_DCS.601,W_KCSArticle.601,All,All
W_KCSArticle_DCS.602,W_KCSArticle.602,All,All
W_KCSArticle_DCS.603,W_KCSArticle.603,All,All
W_KCSArticle_DCS.604,W_KCSArticle.604,All,All
W_KCSArticle_DCS.605,W_KCSArticle.605,All,All
W_KCSArticle_DCS.606,W_KCSArticle.606,All,All
W_KCSArticle_DCS.607,W_KCSArticle.607,All,All
W_KCSArticle_DCS.608,W_KCSArticle.608,All,All
W_KCSArticle_DCS.609,W_KCSArticle.609,All,All
W_KCSArticle_DCS.610,W_KCSArticle.610,All,All
W_KCSArticle_DCS.611,W_KCSArticle.611,All,All
W_KCSArticle_DCS.612,W_KCSArticle.612,All,All
W_KCSArticle_DCS.613,W_KCSArticle.613,All,All
W_KCSArticle_DCS.614,W_KCSArticle.614,All,All
W_KCSArticle_DCS.615,W_KCSArticle.615,All,All
W_KCSArticle_DCS.616,W_KCSArticle.616,All,All
W_KCSArticle_DCS.617,W_KCSArticle.617,All,All
W_KCSArticle_DCS.618,W_KCSArticle.618,All,All
W_KCSArticle_DCS.619,W_KCSArticle.619,All,All
W_KCSArticle_DCS.620,W_KCSArticle.620,All,All
W_KCSArticle_DCS.621,W_KCSArticle.621,All,All
W_KCSArticle_DCS.622,W_KCSArticle.622,All,All
W_KCSArticle_DCS.623,W_KCSArticle.623,All,All
W_KCSArticle_DCS.624,W_KCSArticle.624,All,All
W_KCSArticle_DCS.625,W_KCSArticle.625,All,All
W_KCSArticle_DCS.626,W_KCSArticle.626,All,All
W_KCSArticle_DCS.627,W_KCSArticle.627,All,All
W_KCSArticle_DCS.628,W_KCSArticle.628,All,All
W_KCSArticle_DCS.629,W_KCSArticle.629,All,All
W_KCSArticle_DCS.630,W_KCSArticle.630,All,All
W_KCSArticle_DCS.631,W_KCSArticle.631,All,All
W_KCSArticle_DCS.632,W_KCSArticle.632,All,All
W_KCSArticle_DCS.633,W_KCSArticle.633,All,All
W_KCSArticle_DCS.634,W_KCSArticle.634,All,All
W_KCSArticle_DCS.635,W_KCSArticle.635,All,All
W_KCSArticle_DCS.636,W_KCSArticle.636,All,All
W_KCSArticle_DCS.637,W_KCSArticle.637,All,All
W_KCSArticle_DCS.638,W_KCSArticle.638,All,All
W_KCSArticle_DCS.639,W_KCSArticle.639,All,All
W_KCSArticle_DCS.640,W_KCSArticle.640,All,All
W_KCSArticle_DCS.641,W_KCSArticle.641,All,All
W_KCSArticle_DCS.642,W_KCSArticle.642,All,All
W_KCSArticle_DCS.643,W_KCSArticle.643,All,All
W_KCSArticle_DCS.644,W_KCSArticle.644,All,All
W_KCSArticle_DCS.645,W_KCSArticle.645,All,All
W_KCSArticle_DCS.646,W_KCSArticle.646,All,All
W_KCSArticle_DCS.647,W_KCSArticle.647,All,All
W_KCSArticle_DCS.648,W_KCSArticle.648,All,All
W_KCSArticle_DCS.649,W_KCSArticle.649,All,All
W_KCSArticle_DCS.650,W_KCSArticle.650,All,All
W_KCSArticle_DCS.651,W_KCSArticle.651,All,All
W_KCSArticle_DCS.652,W_KCSArticle.652,All,All
W_KCSArticle_DCS.653,W_KCSArticle.653,All,All
W_KCSArticle_DCS.654,W_KCSArticle.654,All,All
W_KCSArticle_DCS.655,W_KCSArticle.655,All,All
W_KCSArticle_DCS.656,W_KCSArticle.656,All,All
W_KCSArticle_DCS.657,W_KCSArticle.657,All,All
W_KCSArticle_DCS.658,W_KCSArticle.658,All,All
W_KCSArticle_DCS.659,W_KCSArticle.659,All,All
W_KCSArticle_DCS.660,W_KCSArticle.660,All,All
W_KCSArticle_DCS.661,W_KCSArticle.661,All,All
W_KCSArticle_DCS.662,W_KCSArticle.662,All,All
W_KCSArticle_DCS.663,W_KCSArticle.663,All,All
W_KCSArticle_DCS.664,W_KCSArticle.664,All,All
W_KCSArticle_DCS.665,W_KCSArticle.665,All,All
W_KCSArticle_DCS.666,W_KCSArticle.666,All,All
W_KCSArticle_DCS.667,W_KCSArticle.667,All,All
W_KCSArticle_DCS.668,W_KCSArticle.668,All,All
W_KCSArticle_DCS.669,W_KCSArticle.669,All,All
W_KCSArticle_DCS.670,W_KCSArticle.670,All,All
W_KCSArticle_DCS.671,W_KCSArticle.671,All,All
W_KCSArticle_DCS.672,W_KCSArticle.672,All,All
W_KCSArticle_DCS.673,W_KCSArticle.673,All,All
W_KCSArticle_DCS.674,W_KCSArticle.674,All,All
W_KCSArticle_DCS.675,W_KCSArticle.675,All,All
W_KCSArticle_DCS.676,W_KCSArticle.676,All,All
W_KCSArticle_DCS.677,W_KCSArticle.677,All,All
W_KCSArticle_DCS.678,W_KCSArticle.678,All,All
W_KCSArticle_DCS.679,W_KCSArticle.679,All,All
W_KCSArticle_DCS.680,W_KCSArticle.680,All,All
W_KCSArticle_DCS.681,W_KCSArticle.681,All,All
W_KCSArticle_DCS.682,W_KCSArticle.682,All,All
W_KCSArticle_DCS.683,W_KCSArticle.683,All,All
W_KCSArticle_DCS.684,W_KCSArticle.684,All,All
W_KCSArticle_DCS.685,W_KCSArticle.685,All,All
W_KCSArticle_DCS.686,W_KCSArticle.686,All,All
W_KCSArticle_DCS.687,W_KCSArticle.687,All,All
W_KCSArticle_DCS.688,W_KCSArticle.688,All,All
W_KCSArticle_DCS.689,W_KCSArticle.689,All,All
W_KCSArticle_DCS.690,W_KCSArticle.690,All,All
W_KCSArticle_DCS.691,W_KCSArticle.691,All,All
W_KCSArticle_DCS.692,W_KCSArticle.692,All,All
W_KCSArticle_DCS.693,W_KCSArticle.693,All,All
W_KCSArticle_DCS.694,W_KCSArticle.694,All,All
W_KCSArticle_DCS.695,W_KCSArticle.695,All,All
W_KCSArticle_DCS.696,W_KCSArticle.696,All,All
W_KCSArticle_DCS.697,W_KCSArticle.697,All,All
W_KCSArticle_DCS.698,W_KCSArticle.698,All,All
W_KCSArticle_DCS.699,W_KCSArticle.699,All,All
W_KCSArticle_DCS.700,W_KCSArticle.700,All,All
W_KCSArticle_DCS.701,W_KCSArticle.701,All,All
W_KCSArticle_DCS.702,W_KCSArticle.702,All,All
W_KCSArticle_DCS.703,W_KCSArticle.703,All,All
W_KCSArticle_DCS.704,W_KCSArticle.704,All,All
W_KCSArticle_DCS.705,W_KCSArticle.705,All,All
W_KCSArticle_DCS.706,W_KCSArticle.706,All,All
W_KCSArticle_DCS.707,W_KCSArticle.707,All,All
W_KCSArticle_DCS.708,W_KCSArticle.708,All,All
W_KCSArticle_DCS.709,W_KCSArticle.709,All,All
W_KCSArticle_DCS.710,W_KCSArticle.710,All,All
W_KCSArticle_DCS.711,W_KCSArticle.711,All,All
W_KCSArticle_DCS.712,W_KCSArticle.712,All,All
W_KCSArticle_DCS.713,W_KCSArticle.713,All,All
W_KCSArticle_DCS.714,W_KCSArticle.714,All,All
W_KCSArticle_DCS.715,W_KCSArticle.715,All,All
W_KCSArticle_DCS.716,W_KCSArticle.716,All,All
W_KCSArticle_DCS.717,W_KCSArticle.717,All,All
W_KCSArticle_DCS.718,W_KCSArticle.718,All,All
W_KCSArticle_DCS.719,W_KCSArticle.719,All,All
W_KCSArticle_DCS.720,W_KCSArticle.720,All,All
W_KCSArticle_DCS.721,W_KCSArticle.721,All,All
W_KCSArticle_DCS.722,W_KCSArticle.722,All,All
W_KCSArticle_DCS.723,W_KCSArticle.723,All,All
W_KCSArticle_DCS.724,W_KCSArticle.724,All,All
W_KCSArticle_DCS.725,W_KCSArticle.725,All,All
W_KCSArticle_DCS.726,W_KCSArticle.726,All,All
W_KCSArticle_DCS.727,W_KCSArticle.727,All,All
W_KCSArticle_DCS.728,W_KCSArticle.728,All,All
W_KCSArticle_DCS.729,W_KCSArticle.729,All,All
W_KCSArticle_DCS.730,W_KCSArticle.730,All,All
W_KCSArticle_DCS.731,W_KCSArticle.731,All,All
W_KCSArticle_DCS.732,W_KCSArticle.732,All,All
W_KCSArticle_DCS.733,W_KCSArticle.733,All,All
W_KCSArticle_DCS.734,W_KCSArticle.734,All,All
W_KCSArticle_DCS.735,W_KCSArticle.735,All,All
W_KCSArticle_DCS.736,W_KCSArticle.736,All,All
W_KCSArticle_DCS.737,W_KCSArticle.737,All,All
W_KCSArticle_DCS.738,W_KCSArticle.738,All,All
W_KCSArticle_DCS.739,W_KCSArticle.739,All,All
W_KCSArticle_DCS.740,W_KCSArticle.740,All,All
W_KCSArticle_DCS.741,W_KCSArticle.741,All,All
W_KCSArticle_DCS.742,W_KCSArticle.742,All,All
W_KCSArticle_DCS.743,W_KCSArticle.743,All,All
W_KCSArticle_DCS.744,W_KCSArticle.744,All,All
W_KCSArticle_DCS.745,W_KCSArticle.745,All,All
W_KCSArticle_DCS.746,W_KCSArticle.746,All,All
W_KCSArticle_DCS.747,W_KCSArticle.747,All,All
W_KCSArticle_DCS.748,W_KCSArticle.748,All,All
W_KCSArticle_DCS.749,W_KCSArticle.749,All,All
W_KCSArticle_DCS.750,W_KCSArticle.750,All,All
W_KCSArticle_DCS.751,W_KCSArticle.751,All,All
W_KCSArticle_DCS.752,W_KCSArticle.752,All,All
W_KCSArticle_DCS.753,W_KCSArticle.753,All,All
W_KCSArticle_DCS.754,W_KCSArticle.754,All,All
W_KCSArticle_DCS.755,W_KCSArticle.755,All,All
W_KCSArticle_DCS.756,W_KCSArticle.756,All,All
W_KCSArticle_DCS.757,W_KCSArticle.757,All,All
W_KCSArticle_DCS.758,W_KCSArticle.758,All,All
W_KCSArticle_DCS.759,W_KCSArticle.759,All,All
W_KCSArticle_DCS.760,W_KCSArticle.760,All,All
W_KCSArticle_DCS.761,W_KCSArticle.761,All,All
W_KCSArticle_DCS.762,W_KCSArticle.762,All,All
W_KCSArticle_DCS.763,W_KCSArticle.763,All,All
W_KCSArticle_DCS.764,W_KCSArticle.764,All,All
W_KCSArticle_DCS.765,W_KCSArticle.765,All,All
W_KCSArticle_DCS.766,W_KCSArticle.766,All,All
W_KCSArticle_DCS.767,W_KCSArticle.767,All,All
W_KCSArticle_DCS.768,W_KCSArticle.768,All,All
W_KCSArticle_DCS.769,W_KCSArticle.769,All,All
W_KCSArticle_DCS.770,W_KCSArticle.770,All,All
W_KCSArticle_DCS.771,W_KCSArticle.771,All,All
W_KCSArticle_DCS.772,W_KCSArticle.772,All,All
W_KCSArticle_DCS.773,W_KCSArticle.773,All,All
W_KCSArticle_DCS.774,W_KCSArticle.774,All,All
W_KCSArticle_DCS.775,W_KCSArticle.775,All,All
W_KCSArticle_DCS.776,W_KCSArticle.776,All,All
W_KCSArticle_DCS.777,W_KCSArticle.777,All,All
W_KCSArticle_DCS.778,W_KCSArticle.778,All,All
W_KCSArticle_DCS.779,W_KCSArticle.779,All,All
W_KCSArticle_DCS.780,W_KCSArticle.780,All,All
W_KCSArticle_DCS.781,W_KCSArticle.781,All,All
W_KCSArticle_DCS.782,W_KCSArticle.782,All,All
W_KCSArticle_DCS.783,W_KCSArticle.783,All,All
W_KCSArticle_DCS.784,W_KCSArticle.784,All,All
W_KCSArticle_DCS.785,W_KCSArticle.785,All,All
W_KCSArticle_DCS.786,W_KCSArticle.786,All,All
W_KCSArticle_DCS.787,W_KCSArticle.787,All,All
W_KCSArticle_DCS.788,W_KCSArticle.788,All,All
W_KCSArticle_DCS.789,W_KCSArticle.789,All,All
W_KCSArticle_DCS.790,W_KCSArticle.790,All,All
W_KCSArticle_DCS.791,W_KCSArticle.791,All,All
W_KCSArticle_DCS.792,W_KCSArticle.792,All,All
W_KCSArticle_DCS.793,W_KCSArticle.793,All,All
W_KCSArticle_DCS.794,W_KCSArticle.794,All,All
W_KCSArticle_DCS.795,W_KCSArticle.795,All,All
W_KCSArticle_DCS.796,W_KCSArticle.796,All,All
W_KCSArticle_DCS.797,W_KCSArticle.797,All,All
W_KCSArticle_DCS.798,W_KCSArticle.798,All,All
W_KCSArticle_DCS.799,W_KCSArticle.799,All,All
W_KCSArticle_DCS.800,W_KCSArticle.800,All,All
W_KCSArticle_DCS.801,W_KCSArticle.801,All,All
W_KCSArticle_DCS.802,W_KCSArticle.802,All,All
W_KCSArticle_DCS.803,W_KCSArticle.803,All,All
W_KCSArticle_DCS.804,W_KCSArticle.804,All,All
W_KCSArticle_DCS.805,W_KCSArticle.805,All,All
W_KCSArticle_DCS.806,W_KCSArticle.806,All,All
W_KCSArticle_DCS.807,W_KCSArticle.807,All,All
W_KCSArticle_DCS.808,W_KCSArticle.808,All,All
W_KCSArticle_DCS.809,W_KCSArticle.809,All,All
W_KCSArticle_DCS.810,W_KCSArticle.810,All,All
W_KCSArticle_DCS.811,W_KCSArticle.811,All,All
W_KCSArticle_DCS.812,W_KCSArticle.812,All,All
W_KCSArticle_DCS.813,W_KCSArticle.813,All,All
W_KCSArticle_DCS.814,W_KCSArticle.814,All,All
W_KCSArticle_DCS.815,W_KCSArticle.815,All,All
W_KCSArticle_DCS.816,W_KCSArticle.816,All,All
W_KCSArticle_DCS.817,W_KCSArticle.817,All,All
W_KCSArticle_DCS.818,W_KCSArticle.818,All,All
W_KCSArticle_DCS.819,W_KCSArticle.819,All,All
W_KCSArticle_DCS.820,W_KCSArticle.820,All,All
W_KCSArticle_DCS.821,W_KCSArticle.821,All,All
W_KCSArticle_DCS.822,W_KCSArticle.822,All,All
W_KCSArticle_DCS.823,W_KCSArticle.823,All,All
W_KCSArticle_DCS.824,W_KCSArticle.824,All,All
W_KCSArticle_DCS.825,W_KCSArticle.825,All,All
W_KCSArticle_DCS.826,W_KCSArticle.826,All,All
W_KCSArticle_DCS.827,W_KCSArticle.827,All,All
W_KCSArticle_DCS.828,W_KCSArticle.828,All,All
W_KCSArticle_DCS.829,W_KCSArticle.829,All,All
W_KCSArticle_DCS.830,W_KCSArticle.830,All,All
W_KCSArticle_DCS.831,W_KCSArticle.831,All,All
W_KCSArticle_DCS.832,W_KCSArticle.832,All,All
W_KCSArticle_DCS.833,W_KCSArticle.833,All,All
W_KCSArticle_DCS.834,W_KCSArticle.834,All,All
W_KCSArticle_DCS.835,W_KCSArticle.835,All,All
W_KCSArticle_DCS.836,W_KCSArticle.836,All,All
W_KCSArticle_DCS.837,W_KCSArticle.837,All,All
W_KCSArticle_DCS.838,W_KCSArticle.838,All,All
W_KCSArticle_DCS.839,W_KCSArticle.839,All,All
W_KCSArticle_DCS.840,W_KCSArticle.840,All,All
W_KCSArticle_DCS.841,W_KCSArticle.841,All,All
W_KCSArticle_DCS.842,W_KCSArticle.842,All,All
W_KCSArticle_DCS.843,W_KCSArticle.843,All,All
W_KCSArticle_DCS.844,W_KCSArticle.844,All,All
W_KCSArticle_DCS.845,W_KCSArticle.845,All,All
W_KCSArticle_DCS.846,W_KCSArticle.846,All,All
W_KCSArticle_DCS.847,W_KCSArticle.847,All,All
W_KCSArticle_DCS.848,W_KCSArticle.848,All,All
W_KCSArticle_DCS.849,W_KCSArticle.849,All,All
W_KCSArticle_DCS.850,W_KCSArticle.850,All,All
W_KCSArticle_DCS.851,W_KCSArticle.851,All,All
W_KCSArticle_DCS.852,W_KCSArticle.852,All,All
W_KCSArticle_DCS.853,W_KCSArticle.853,All,All
W_KCSArticle_DCS.854,W_KCSArticle.854,All,All
W_KCSArticle_DCS.855,W_KCSArticle.855,All,All
W_KCSArticle_DCS.856,W_KCSArticle.856,All,All
W_KCSArticle_DCS.857,W_KCSArticle.857,All,All
W_KCSArticle_DCS.858,W_KCSArticle.858,All,All
W_KCSArticle_DCS.859,W_KCSArticle.859,All,All
W_KCSArticle_DCS.860,W_KCSArticle.860,All,All
W_KCSArticle_DCS.861,W_KCSArticle.861,All,All
W_KCSArticle_DCS.862,W_KCSArticle.862,All,All
W_KCSArticle_DCS.863,W_KCSArticle.863,All,All
W_KCSArticle_DCS.864,W_KCSArticle.864,All,All
W_KCSArticle_DCS.865,W_KCSArticle.865,All,All
W_KCSArticle_DCS.866,W_KCSArticle.866,All,All
W_KCSArticle_DCS.867,W_KCSArticle.867,All,All
W_KCSArticle_DCS.868,W_KCSArticle.868,All,All
W_KCSArticle_DCS.869,W_KCSArticle.869,All,All
W_KCSArticle_DCS.870,W_KCSArticle.870,All,All
W_KCSArticle_DCS.871,W_KCSArticle.871,All,All
W_KCSArticle_DCS.872,W_KCSArticle.872,All,All
W_KCSArticle_DCS.873,W_KCSArticle.873,All,All
W_KCSArticle_DCS.874,W_KCSArticle.874,All,All
W_KCSArticle_DCS.875,W_KCSArticle.875,All,All
W_KCSArticle_DCS.876,W_KCSArticle.876,All,All
W_KCSArticle_DCS.877,W_KCSArticle.877,All,All
W_KCSArticle_DCS.878,W_KCSArticle.878,All,All
W_KCSArticle_DCS.879,W_KCSArticle.879,All,All
W_KCSArticle_DCS.880,W_KCSArticle.880,All,All
W_KCSArticle_DCS.881,W_KCSArticle.881,All,All
W_KCSArticle_DCS.882,W_KCSArticle.882,All,All
W_KCSArticle_DCS.883,W_KCSArticle.883,All,All
W_KCSArticle_DCS.884,W_KCSArticle.884,All,All
W_KCSArticle_DCS.885,W_KCSArticle.885,All,All
W_KCSArticle_DCS.886,W_KCSArticle.886,All,All
W_KCSArticle_DCS.887,W_KCSArticle.887,All,All
W_KCSArticle_DCS.888,W_KCSArticle.888,All,All
W_KCSArticle_DCS.889,W_KCSArticle.889,All,All
W_KCSArticle_DCS.890,W_KCSArticle.890,All,All
W_KCSArticle_DCS.891,W_KCSArticle.891,All,All
W_KCSArticle_DCS.892,W_KCSArticle.892,All,All
W_KCSArticle_DCS.893,W_KCSArticle.893,All,All
W_KCSArticle_DCS.894,W_KCSArticle.894,All,All
W_KCSArticle_DCS.895,W_KCSArticle.895,All,All
W_KCSArticle_DCS.896,W_KCSArticle.896,All,All
W_KCSArticle_DCS.897,W_KCSArticle.897,All,All
W_KCSArticle_DCS.898,W_KCSArticle.898,All,All
W_KCSArticle_DCS.899,W_KCSArticle.899,All,All
W_KCSArticle_DCS.900,W_KCSArticle.900,All,All
W_KCSArticle_DCS.901,W_KCSArticle.901,All,All
W_KCSArticle_DCS.902,W_KCSArticle.902,All,All
W_KCSArticle_DCS.903,W_KCSArticle.903,All,All
W_KCSArticle_DCS.904,W_KCSArticle.904,All,All
W_KCSArticle_DCS.905,W_KCSArticle.905,All,All
W_KCSArticle_DCS.906,W_KCSArticle.906,All,All
W_KCSArticle_DCS.907,W_KCSArticle.907,All,All
W_KCSArticle_DCS.908,W_KCSArticle.908,All,All
W_KCSArticle_DCS.909,W_KCSArticle.909,All,All
W_KCSArticle_DCS.910,W_KCSArticle.910,All,All
W_KCSArticle_DCS.911,W_KCSArticle.911,All,All
W_KCSArticle_DCS.912,W_KCSArticle.912,All,All
W_KCSArticle_DCS.913,W_KCSArticle.913,All,All
W_KCSArticle_DCS.914,W_KCSArticle.914,All,All
W_KCSArticle_DCS.915,W_KCSArticle.915,All,All
W_KCSArticle_DCS.916,W_KCSArticle.916,All,All
W_KCSArticle_DCS.917,W_KCSArticle.917,All,All
W_KCSArticle_DCS.918,W_KCSArticle.918,All,All
W_KCSArticle_DCS.919,W_KCSArticle.919,All,All
W_KCSArticle_DCS.920,W_KCSArticle.920,All,All
W_KCSArticle_DCS.921,W_KCSArticle.921,All,All
W_KCSArticle_DCS.922,W_KCSArticle.922,All,All
W_KCSArticle_DCS.923,W_KCSArticle.923,All,All
W_KCSArticle_DCS.924,W_KCSArticle.924,All,All
W_KCSArticle_DCS.925,W_KCSArticle.925,All,All
W_KCSArticle_DCS.926,W_KCSArticle.926,All,All
W_KCSArticle_DCS.927,W_KCSArticle.927,All,All
W_KCSArticle_DCS.928,W_KCSArticle.928,All,All
W_KCSArticle_DCS.929,W_KCSArticle.929,All,All
W_KCSArticle_DCS.930,W_KCSArticle.930,All,All
W_KCSArticle_DCS.931,W_KCSArticle.931,All,All
W_KCSArticle_DCS.932,W_KCSArticle.932,All,All
W_KCSArticle_DCS.933,W_KCSArticle.933,All,All
W_KCSArticle_DCS.934,W_KCSArticle.934,All,All
W_KCSArticle_DCS.935,W_KCSArticle.935,All,All
W_KCSArticle_DCS.936,W_KCSArticle.936,All,All
W_KCSArticle_DCS.937,W_KCSArticle.937,All,All
W_KCSArticle_DCS.938,W_KCSArticle.938,All,All
W_KCSArticle_DCS.939,W_KCSArticle.939,All,All
W_KCSArticle_DCS.940,W_KCSArticle.940,All,All
W_KCSArticle_DCS.941,W_KCSArticle.941,All,All
W_KCSArticle_DCS.942,W_KCSArticle.942,All,All
W_KCSArticle_DCS.943,W_KCSArticle.943,All,All
W_KCSArticle_DCS.944,W_KCSArticle.944,All,All
W_KCSArticle_DCS.945,W_KCSArticle.945,All,All
W_KCSArticle_DCS.946,W_KCSArticle.946,All,All
W_KCSArticle_DCS.947,W_KCSArticle.947,All,All
W_KCSArticle_DCS.948,W_KCSArticle.948,All,All
W_KCSArticle_DCS.949,W_KCSArticle.949,All,All
W_KCSArticle_DCS.950,W_KCSArticle.950,All,All
W_KCSArticle_DCS.951,W_KCSArticle.951,All,All
W_KCSArticle_DCS.952,W_KCSArticle.952,All,All
W_KCSArticle_DCS.953,W_KCSArticle.953,All,All
W_KCSArticle_DCS.954,W_KCSArticle.954,All,All
W_KCSArticle_DCS.955,W_KCSArticle.955,All,All
W_KCSArticle_DCS.956,W_KCSArticle.956,All,All
W_KCSArticle_DCS.957,W_KCSArticle.957,All,All
W_KCSArticle_DCS.958,W_KCSArticle.958,All,All
W_KCSArticle_DCS.959,W_KCSArticle.959,All,All
W_KCSArticle_DCS.960,W_KCSArticle.960,All,All
W_KCSArticle_DCS.961,W_KCSArticle.961,All,All
W_KCSArticle_DCS.962,W_KCSArticle.962,All,All
W_KCSArticle_DCS.963,W_KCSArticle.963,All,All
W_KCSArticle_DCS.964,W_KCSArticle.964,All,All
W_KCSArticle_DCS.965,W_KCSArticle.965,All,All
W_KCSArticle_DCS.966,W_KCSArticle.966,All,All
W_KCSArticle_DCS.967,W_KCSArticle.967,All,All
W_KCSArticle_DCS.968,W_KCSArticle.968,All,All
W_KCSArticle_DCS.969,W_KCSArticle.969,All,All
W_KCSArticle_DCS.970,W_KCSArticle.970,All,All
W_KCSArticle_DCS.971,W_KCSArticle.971,All,All
W_KCSArticle_DCS.972,W_KCSArticle.972,All,All
W_KCSArticle_DCS.973,W_KCSArticle.973,All,All
W_KCSArticle_DCS.974,W_KCSArticle.974,All,All
W_KCSArticle_DCS.975,W_KCSArticle.975,All,All
W_KCSArticle_DCS.976,W_KCSArticle.976,All,All
W_KCSArticle_DCS.977,W_KCSArticle.977,All,All
W_KCSArticle_DCS.978,W_KCSArticle.978,All,All
W_KCSArticle_DCS.979,W_KCSArticle.979,All,All
W_KCSArticle_DCS.980,W_KCSArticle.980,All,All
W_KCSArticle_DCS.981,W_KCSArticle.981,All,All
W_KCSArticle_DCS.982,W_KCSArticle.982,All,All
W_KCSArticle_DCS.983,W_KCSArticle.983,All,All
W_KCSArticle_DCS.984,W_KCSArticle.984,All,All
W_KCSArticle_DCS.985,W_KCSArticle.985,All,All
W_KCSArticle_DCS.986,W_KCSArticle.986,All,All
W_KCSArticle_DCS.987,W_KCSArticle.987,All,All
W_KCSArticle_DCS.988,W_KCSArticle.988,All,All
W_KCSArticle_DCS.989,W_KCSArticle.989,All,All
W_KCSArticle_DCS.990,W_KCSArticle.990,All,All
W_KCSArticle_DCS.991,W_KCSArticle.991,All,All
W_KCSArticle_DCS.992,W_KCSArticle.992,All,All
W_KCSArticle_DCS.993,W_KCSArticle.993,All,All
W_KCSArticle_DCS.994,W_KCSArticle.994,All,All
W_KCSArticle_DCS.995,W_KCSArticle.995,All,All
W_KCSArticle_DCS.996,W_KCSArticle.996,All,All
W_KCSArticle_DCS.997,W_KCSArticle.997,All,All
W_KCSArticle_DCS.998,W_KCSArticle.998,All,All
W_KCSArticle_DCS.999,W_KCSArticle.999,All,All
W_KCSArticle_DCS.1000,W_KCSArticle.1000,All,All
